OBJECTID,COMMENTS,CB,DEPT,PIN,ACREAGE,CODE_TYPE,DESCRIPTION,TYPE,DEPT_ABBR,DESCRIP_ADDR,FUTURE,PA,ZONING,ShapeSTArea,ShapeSTLength
1,,,PWD,412001326010,0.755*,A,Drainage/Boneyard,Boneyard Channel,PWD,Boneyard Channel,Flood Hazard Area,101,MHP,32930.4978027344,897.925620160464
2,,,NSD,422012226003,4.432*,D,City Redevelopment,Beardsley Park Plan,NSD,1110 N Neil,Neighborhood Plan,1,SF 1,1930.80053710938,272.145439109052
3,,,NSD,422012226004,0.181*,D,City Redevelopment,Beardsley Park Plan,NSD,1110 N Neil,Neighborhood Plan,1,SF 1,7915.19653320312,372.150616013419
4,,,NSD,422012226005,0.186*,D,City Redevelopment,Beardsley Park Plan,NSD,1108 N Neil,Neighborhood Plan,1,SF 1,8104.29284667969,377.890979539369
5,,,NSD,422012226006,0.185*,D,City Redevelopment,Beardsley Park Plan,NSD,1106 N Neil,Neighborhood Plan,1,SF 1,8088.67114257812,377.710095625436
6,,,NSD,422012226007,0.187*,D,City Redevelopment,Beardsley Park Plan,NSD,1104 N Neil,Neighborhood Plan,1,SF 1,8162.32043457031,379.71287650575
7,,,NSD,422012226008,0.190*,D,City Redevelopment,Beardsley Park Plan,NSD,1102 N Neil,Neighborhood Plan,1,SF 1,8292.13146972656,383.67234185073
8,,,NSD,422012226009,0.151*,D,City Redevelopment,Beardsley Park Plan,NSD,1111 N Hickory,Neighborhood Plan,1,SF 1,6582.74035644531,367.184521913419
9,,,PWD,422012408001,0.203*,C,Parking/Alleys,Parking Deck,PWD,133 W Hill,other,100,CB,8880.8720703125,400.43248841472
10,,,NSD,462106356002,0.139*,D,City Redevelopment,Bristol Park Plan,NSD,203 Bellefontaine St,Bristol Park Plan,1,SF 1,6063.22619628906,341.421201695222
11,,2008-171,PWD,462107307010,0.134*,A,Drainage/Boneyard,Boneyard Channel,PWD,204 E Park,Flood Hazard Area,2,MF 3,5856.88012695312,354.222428296753
12,,2008-171,PWD,462107307011,0.134*,A,Drainage/Boneyard,Boneyard Channel,PWD,204 1/2 E Park,Flood Hazard Area,2,MF 3,5860.86645507812,354.224072570162
13,,,NSD,462107326010,0.204*,D5,City Redevelopment,Vacant Lot,NSD,406 E Hill,Developer future use,2,SF 1,8897.83190917969,399.843528988516
14,,,PWD,462107355022,7.867*,A,Drainage/Boneyard,University Rain Garden,PWD,104 S Second,Boneyard Phase II,3,CB,3427.09191894531,235.974743258541
15,Farmed,,PWD,411530400004,19.86*,A,Drainage/Beaver Lake,Beaver Lake Channel,PWD,North of News Gazette,other,104,I2,865403.549682617,3982.43026243558
16,,,PWD,411531200003,7.752*,A,Drainage/Beaver Lake,Beaver Lake Channel,PWD,North of News Gazette,other,104,I2,337715.607910156,3301.75768587528
17,,,PWD,412001326024,1.359*,B,Building,Public Works,PWD,702 Edgebrook Dr,other,101,I1,59226.8181152344,1017.08472878578
18,,,PWD,412001326025,3.787*,B,Building,Public Works,PWD,702 Edgebrook Dr,other,101,I1,164993.96105957,1665.70883219691
19,Meadow Gold Demolition 2010,,PWD,412001326028,8.271*,B,Building,Public Works,PWD,1702 Hagan,other,101,I1,360317.460327148,2421.92105387092
20,"Mostly Drainage, salt dome also on parcel",,PWD,412001326033,4.030*,B,Drainage/Boneyard,Dray Basin East of Salt Dome,PWD,701 W Kenyon ,Flood Hazard Area,101,I1,175573.488037109,1948.46261215254
21,,,CFD,412001355021,0.695*,B,Building,Fire Station 3,CFD,702 W Bradley,other,101,CI,30275.2083740234,696.421534509921
22,,2003-201,PWD,412001376001,0.638*,B,Building,Public Works,PWD,713 Edgebrook Dr,other,101,I1,27817.8885498047,678.313667305144
23,,,PWD,412001376027,4.309*,A,Drainage/Boneyard,Boneyard Channel,PWD,609 Edgebrook Dr,Flood Hazard Area,101,I1,1877.29455566406,226.811347307226
24,,,PWD,412001401005,0.306*,A,Drainage/Boneyard,Boneyard Channel,PWD,5 Henson Place,Flood Hazard Area,101,I1,13378.1545410156,494.182607605957
25,,94-0281,PWD,412001401009,0.285*,A,Drainage/Boneyard,Boneyard Channel,PWD,6 Henson Place,Flood Hazard Area,101,I1,12430.7208251953,462.490026389666
26,,,PWD,412001401015,2.922*,A,Drainage/Boneyard,Boneyard/Channel,PWD,5 R Henson Place,Flood Hazard Area,101,SF 1,1272.92163085938,184.463692895161
27,,,PWD,412001401037,0.101*,A,Drainage/Boneyard,Boneyard/Channel,PWD,5 R Henson Place,Flood Hazard Area,101,SF 1,4409.46411132812,446.863293420365
28,,94-0114,PWD,412001401041,0.281*,A,Drainage/Boneyard,Boneyard/Channel,PWD,112 Edgebrook Dr,Flood Hazard Area,1,SF 1,12262.0977783203,456.843260449318
29,,94-0114,PWD,412001401042,4.498*,A,Drainage/Boneyard,Boneyard/Channel,PWD,112 Edgebrook Dr,Flood Hazard Area,1,CG,1959.3876953125,208.91608878541
30,,PW,PWD,412001476006,0.191*,A,Drainage/Boneyard,Boneyard Channel,PWD,1412 N Hickory St,Flood Hazard Area,1,SF 1,8321.69470214844,392.314743401634
31,,94-0229,PWD,412001476012,0.190*,A,Drainage/Boneyard,Boneyard Channel,PWD,1411 N Walnut St,Flood Hazard Area,1,SF 1,8316.9755859375,392.265748799021
32,,94-0258,PWD,412001477001,0.177*,A,Drainage/Boneyard,Boneyard Channel,PWD,1412 N Walnut St,Flood Hazard Area,1,SF 1,7731.04028320312,373.389147756179
33,,,PWD,412001477002,0.174*,A,Drainage/Boneyard,Boneyard Channel,PWD,1410 N Walnut St,Flood Hazard Area,1,SF 1,7595.14404296875,371.021950280634
34,,99-0211,PWD,412001477003,0.174*,A,Drainage/Boneyard,Boneyard Channel,PWD,1408 N Walnut St,other,1,SF 1,7584.00659179688,370.656782708349
35,,94-0240,PWD,412001477010,0.114*,A,Drainage/Boneyard,Boneyard Channel,PWD,1409 Champaign St,Flood Hazard Area,1,SF 1,4973.00183105469,328.873982838689
36,,95-0062,PWD,412001477011,0.177*,A,Drainage/Boneyard,Boneyard Channel,PWD,1407 Champaign St,Flood Hazard Area,1,SF 1,7714.63977050781,372.769937830291
37,,95-0087,PWD,412001477012,0.173*,A,Drainage/Boneyard,Boneyard Channel,PWD,1405 Champaign St,Flood Hazard Area,1,SF 1,7572.82263183594,370.292097658681
38,,94-0102,PWD,412001477016,6.291*,A,Drainage/Boneyard,Boneyard Channel,PWD,1409 Champaign St,other,1,SF 1,2867.23876953125,295.185630637618
39,,,PWD,412001478003,0.176*,A,Drainage/Boneyard,Boneyard Channel,PWD,1408 Champaign St,Flood Hazard Area,1,SF 1,7689.23974609375,374.11018919175
40,,,PWD,412001478004,0.176*,A,Drainage/Boneyard,Boneyard Channel,PWD,1406 Champaign St,Flood Hazard Area,1,SF 1,7699.42578125,374.443578776541
41,,94-0127,PWD,412001478005,0.176*,A,Drainage/Boneyard,Boneyard Channel,PWD,1404 Champaign St,Flood Hazard Area,1,SF 1,7709.59423828125,374.778272281223
42,,96-0199,PWD,412001478010,0.176*,A,Drainage/Boneyard,Boneyard Channel,PWD,1405 N Market St,Flood Hazard Area,1,MF 1,7699.13598632812,374.438629037747
43,,,PWD,412001478011,0.176*,A,Drainage/Boneyard,Boneyard Channel,PWD,1403 N Market St,Flood Hazard Area,1,MF 1,7709.32629394531,374.773327662211
44,,,PWD,412001478012,0.177*,A,Drainage/Boneyard,Boneyard Channel,PWD,1401 N Market St,Flood Hazard Area,1,MF 1,7719.55920410156,375.10769390015
45,,98-0154,NSD,412001482009,0.181*,D,City Redevelopment,Bristol Park Plan,NSD,1311 N Market St,Bristol Park Plan,1,MF 1,7914.27600097656,371.99026804343
46,,99,NSD,412001486009,0.136*,D,City Redevelopment,Bristol Park Plan,NSD,1207 N Market St,Bristol Park Plan,1,MF 1,5938.34826660156,337.474162734053
47,,93-0135,CFD,412002153007,1.614*,B,Building,Fire Station 5,CPD,1810 N Mattis,other,8,SF 1,70336.5712890625,1101.61566280035
48,,,PWD,412011204019,0.155*,B,Sanitary Pump Station,Sanitary Pump Station,PWD,1101 W Bradley,other,9,SF 1,6769.69848632812,327.79029501503
49,,,PRK,422012130001,0.146*,A,Drainage/Boneyard,Parkway,Parks,411 W Eureka,other,1,SF 1,6397.79162597656,1090.29676783936
50,,,PWD,422012130003,1.833*,A,Drainage/Boneyard,Park,PWD,401 W Eureka,other,1,SF 1,79848.2857666016,1231.9238741452
51,,,PRK,422012236010,0.127*,A,Greenspace,Park,Parks,1115 N Market St,other,1,SF 1,5540.46899414062,332.677107095293
52,,,NSD,422012257005,0.120*,D,City Redevelopment,Neighborhood Garden,NSD,214 W Maple,Neighborhood Garden,4,SF 2,5270.05053710938,294.199741102222
53,,2000-0091,NSD,422012280001,0.135*,D5,City Redevelopment,Beardsley Park Plan,NSD,716 N Hickory,Neighborhood Plan,1,SF 1,5892.56018066406,309.790365652706
54,,97-0241,NSD,422012280002,0.134*,D,City Redevelopment,Beardsley Park Plan,NSD,27 E North,Neighborhood Plan,1,SF 1,5866.90954589844,309.292073913524
55,,2001-0231,NSD,422012280003,0.179*,D,City Redevelopment,Beardsley Park Plan,NSD,714 N Hickory,Neighborhood Plan,1,SF 1,7830.50158691406,384.748529374476
56,,2001-0231,NSD,422012280005,0.269*,D,City Redevelopment,Beardsley Park Plan,NSD,709 N Walnut,Neighborhood Plan,1,SF 1,11742.9509277344,443.062611811399
57,,,NSD,422012280006,0.179*,D,City Redevelopment,Beardsley Park Plan,NSD,707 N  Walnut,Neighborhood Plan,1,SF 1,7820.30505371094,384.308770615412
58,,97-0180,NSD,422012285001,6.626*,D,City Redevelopment,Beardsley Park Plan,NSD,718 N Walnut,Neighborhood Plan,1,SF 1,2886.63330078125,239.014362230947
59,,98-0177,NSD,422012285002,0.035*,D,City Redevelopment,Beardsley Park Plan,NSD,53 E North,Neighborhood Plan,1,SF 1,1543.91125488281,159.140519982099
60,,98-0177,NSD,422012285003,0.164*,D,City Redevelopment,Beardsley Park Plan,NSD,714 N Walnut,Neighborhood Plan,1,SF 1,7147.62194824219,372.180422558735
61,,95-0151,NSD,422012285004,6.494*,D,City Redevelopment,Beardsley Park Plan,NSD,710 1/2 N Walnut,Neighborhood Plan,1,SF 1,2829.17993164062,306.656468003635
62,,,NSD,422012285005,0.112*,D,City Redevelopment,Beardsley Park Plan,NSD,710 N Walnut,Neighborhood Plan,1,SF 1,4886.85595703125,337.837602633306
63,,,NSD,422012285006,0.177*,A,Drainage/Boneyard,Boneyard Channel,NSD,708 N Walnut,other,1,SF 1,7713.80444335938,380.685367205667
64,,,NSD,422012285007,0.177*,A,Drainage/Boneyard,Boneyard Channel,NSD,706 N Walnut,other,1,SF 1,7711.61926269531,380.610700331292
65,,,NSD,422012285008,0.176*,A,Drainage/Boneyard,Boneyard Channel,NSD,704 N Walnut,other,1,SF 1,7709.40258789062,380.535388509694
66,,,NSD,422012285009,0.157*,A,Drainage/Boneyard,Boneyard Channel,NSD,702 N Walnut,Flood Hazard Area,1,SF 1,6852.94079589844,360.245972971412
67,,,NSD,422012285010,0.132*,D5,City Redevelopment,Beardsley Park Plan,NSD,713 N Walnut,Neighborhood Plan,1,SF 1,5792.3232421875,351.662393973677
68,,2001-0231,NSD,422012285011,0.132*,D5,City Redevelopment,Beardsley Park Plan,NSD,711 N Champaign,Neighborhood Plan,1,SF 1,5791.07983398438,351.606054572676
69,,2001-0231,NSD,422012285012,8.861*,D5,City Redevelopment,Beardsley Park Plan,NSD,709 1/2 N Champaign,Neighborhood Plan,1,SF 1,3860.06701660156,322.287435537297
70,,2001-0231,NSD,422012285013,8.860*,D5,City Redevelopment,Beardsley Park Plan,NSD,709 N Champaign,Neighborhood Plan,1,SF 1,3859.47436523438,322.249441490399
71,,,PWD,422012285014,0.177*,A,Drainage/Boneyard,Boneyard Channel,PWD,707 N Champaign,other,1,SF 1,7717.3125,380.737976820735
72,,,PWD,422012285015,0.177*,A,Drainage/Boneyard,Boneyard Channel,PWD,705 N Champaign,other,1,SF 1,7715.07434082031,380.662324027785
73,,99-0211,PWD,422012285016,0.177*,A,Drainage/Boneyard,Boneyard Channel,PWD,703 N Champaign,other,1,SF 1,7712.91711425781,380.587998275084
74,,98-0218,PWD,422012285017,0.102*,A,Drainage/Boneyard,Boneyard Channel,PWD,52 E Vine,other,1,SF 1,4485.00183105469,270.313024359862
75,,98-0218,PWD,422012285018,7.405*,A,Drainage/Boneyard,Boneyard Channel,PWD,701 N Champaign,other,1,SF 1,3225.67846679688,227.287694745857
76,,97-0128,PWD,422012289004,8.353*,A,Drainage/Boneyard,Boneyard Channel,PWD,702 N Champaign,other,1,SF 1,3638.9375,241.48816475075
77,,2000-0017,PWD,422012289005,9.510*,A,Drainage/Boneyard,Boneyard Channel,PWD,701 N Market,Flood Hazard Area,1,SF 1,4142.92370605469,261.513646065951
78,,,PWD,422012290002,0.334*,A,Drainage/Boneyard,Boneyard Channel,PWD,N Market ,Flood Hazard Area,1,SF 1,14543.4700927734,533.905664833822
79,,2001-0232,PWD,422012291001,0.103*,A,Drainage/Boneyard,Boneyard Channel,PWD,702 N MARKET,other,1,I1,4497.37170410156,343.064247580502
80,,2001-0232,PWD,422012291002,0.211*,A,Drainage/Boneyard,Boneyard Channel,PWD,704 N Market,other,1,I1,9215.36608886719,410.872630836004
81,,2004-023,PWD,422012404009,0.404*,C,Parking/Alleys,Parking Lot,PWD,201 W Hill,other,100,CB,17621.5621337891,530.992723404409
83,,2004-023,PWD,422012408002,0.204*,C,Parking/Alleys,Parking Deck,PWD,125 W Hill,other,100,CB,8892.37451171875,400.780139593342
84,,2004-023,PWD,422012408003,0.204*,C,Parking/Alleys,Parking Deck,PWD,121 W Hill,other,100,CB,8903.93176269531,401.128972837923
85,,,PWD,422012426001,0.145*,C,Parking/Alleys,Parking Lot,PWD,North Neil Parking Lot,other,100,CB,6319.775390625,348.053147582501
86,,,PWD,422012426002,5.195*,C,Parking/Alleys,Parking Lot,PWD,North Neil Parking Lot,other,100,CB,2263.05102539062,258.195659407625
87,,,PWD,422012426003,0.049*,C,Parking/Alleys,Parking Lot,PWD,North Neil Parking Lot,other,100,CB,2148.67700195312,245.088971933977
88,,,PWD,422012426004,9.204*,C,Parking/Alleys,Parking Lot,PWD,North Neil Parking Lot,other,100,CB,4009.47607421875,271.301274162234
89,,,PWD,422012426005,0.102*,C,Parking/Alleys,Parking Lot,PWD,North Neil Parking Lot,other,100,CB,4475.25146484375,271.788194787675
90,,,PWD,422012426006,7.400*,C,Parking/Alleys,Parking Lot,PWD,North Neil Parking Lot,other,100,CB,3223.72229003906,231.876710268809
91,,,PWD,422012426007,2.231*,C,Parking/Alleys,Parking Lot,PWD,North Neil Parking Lot,other,100,CB,971.993286132812,127.892063784486
92,,,PWD,422012426008,3.546*,C,Parking/Alleys,Parking Lot,PWD,North Neil Parking Lot,other,100,CB,1544.79516601562,229.748905240278
93,,,PWD,422012427001,0.134*,C,Parking/Alleys,Parking Lot,PWD,15 E Washington,other,100,CB,5853.79699707031,310.312504757876
94,,,PWD,422012427002,0.178*,C,Parking/Alleys,Parking Lot,PWD,33 E Washington,other,100,CB,7786.0625,360.211261155569
95,,,PWD,422012427004,0.132*,C,Parking/Alleys,Parking Lot,PWD,342 N Neil,other,100,CB,5760.51330566406,386.831987437716
96,,,PWD,422012428001,0.223*,C,Parking/Alleys,Parking Lot,PWD,335 N Walnut,other,100,CB,9742.5458984375,453.440483684293
97,,,PWD,422012428002,0.186*,C,Parking/Alleys,Parking Lot,PWD,335 N Walnut,other,100,CB,8108.28967285156,424.495084054578
98,,,PWD,422012428003,0.371*,C,Parking/Alleys,Parking Lot,PWD,335 N Walnut,other,100,CB,16166.9869384766,523.431043476323
99,,,PWD,422012428004,0.185*,C,Parking/Alleys,Parking Lot,PWD,335 N Walnut,other,100,CB,8058.67016601562,422.508395770671
100,,,PWD,422012428005,0.184*,C,Parking/Alleys,Parking Lot,PWD,335 N Walnut,other,100,CB,8042.12255859375,421.846023561193
101,,,PWD,422012428006,0.184*,C,Parking/Alleys,Parking Lot,PWD,335 N Walnut,other,100,CB,8025.58154296875,421.18365265353
102,,,PWD,422012428018,6.715*,C,Parking/Alleys,Parking Lot,PWD,321 N Walnut,other,100,CB,2925.41687011719,216.419613431924
103,,,PWD,422012428020,0.195*,C,Parking/Alleys,Parking Lot,PWD,N Walnut,other,100,CB,8508.56237792969,369.023510749651
104,,,PWD,422012428020,2.954*,C,Parking/Alleys,Parking Lot,PWD,N Walnut,other,100,CB,1287.20068359375,157.354319971816
105,,,PWD,422012430006,3.426*,C,Parking/Alleys,Alley,PWD,Chester/Taylor St Alley,Alley,100,CB,1492.5,384.651257813546
106,,,PLN,422012431001,0.253*,B,Building,City Building,PLN,102 N  Neil,other,100,CB,11035.6483154297,504.132432776266
107,,,PWD,422012433006,0.133*,C,Parking/Alleys,Parking Lot,PWD,43 E Main,other,100,CB,5834.01477050781,337.830627543436
108,,,PWD,422012433007,6.867*,C,Parking/Alleys,Parking Lot,PWD,47 E Main,other,100,CB,2991.63745117188,290.671182003033
109,,,PWD,422012433008,6.867*,C,Parking/Alleys,Parking Lot,PWD,49 E Main,other,100,CB,2991.61706542969,290.670775601431
111,,,PWD,422012439001,0.329*,C,Parking/Alleys,Parking Lot,PWD,Police Station,other,2,CB,14344.8175048828,485.224463027854
112,North First Stree Lot,,PWD,422012439002,0.278*,C,Parking/Alleys,Parking Lot,PWD,Police Station,other,2,CB,12110.1496582031,460.717859617087
113,,,PWD,422012439003,0.421*,C,Parking/Alleys,Parking Lot,PWD,Police Station,other,2,CB,18360.7629394531,616.114193658447
114,,,CPD,422012439004,1.357*,C,Parking/Alleys,Parking Lot,PWD,Police Station,other,2,CB,591.1953125,99.4141427014473
115,,,PWD,422012439005,0.107*,C,Parking/Alleys,Parking Lot,PWD,Police Station,other,2,CB,4687.69409179688,277.130140526648
116,,,PWD,422012439006,3.592*,C,Parking/Alleys,Parking Lot,PWD,Police Station,other,2,CB,1564.88891601562,198.944099412304
117,,,PWD,422012439007,3.592*,C,Parking/Alleys,Parking Lot,PWD,Police Station,other,2,CB,1564.90673828125,198.944311366325
118,,,PWD,422012439008,3.592*,C,Parking/Alleys,Parking Lot,PWD,Police Station,other,2,CB,1564.91491699219,198.944512151591
119,,,PWD,422012439009,3.592*,C,Parking/Alleys,Parking Lot,PWD,Police Station,other,2,CB,1564.91381835938,198.944724091212
120,,,PWD,422012439010,3.672*,C,Parking/Alleys,Parking Lot,PWD,Police Station,other,2,CB,1599.90246582031,199.825552085064
121,,,PWD,422012440001,0.289*,B,Building,Police Station,CPD,82 E Universtiy,other,2,CB,12602.3985595703,473.336825585238
122,,,PWD,422012440002,0.162*,B,Building,Police Station,CPD,82 E University,other,2,CB,7073.68432617188,431.186827323345
123,,,PWD,422012440003,0.105*,B,Building,Police Station,PWD,82 E University,other,2,CB,4590.26843261719,402.345503525081
124,,,PWD,422012440004,0.317*,B,Building,Police Station,CPD,82 E University,other,2,CB,13834.1904296875,496.411750276706
125,Greenspace police parking lot,,PWD,422012441001,3.762*,C,Parking/Alleys,Parking Lot,PWD,Police Station,other,2,CB,1638.72863769531,204.898471836976
126,,,PWD,422012442001,6.151*,B,Building,Police Station,CPD,82 E University,other,2,CB,2679.38232421875,214.283835421533
127,,,CPD,422012442002,8.020*,B,Building,Police Station,CPD,82 E University,other,2,CB,3493.68200683594,248.835225600081
128,,,CPD,422012442003,5.012*,B,Building,Police Station,CPD,82 E University,other,2,CB,2183.56298828125,252.817778974488
129,,,CPD,422012442004,4.997*,B,Building,Police Station,CPD,82 E University,other,2,CB,2177.00085449219,269.983528683345
130,,,CPD,422012442005,4.726*,B,Building,Police Station,CPD,82 E University,other,2,CB,2058.80908203125,231.200635114589
131,,,CPD,422012442006,4.725*,B,Building,Police Station,CPD,82 E University,other,2,CB,2058.53942871094,231.089384245872
132,,,CPD,422012442007,4.701*,B,Building,Police Station,CPD,82 E University,other,2,CB,2048.15222167969,230.761585412469
133,,,PWD,422012454007,0.106*,C,Parking/Alleys,Parking Lot,PWD,106 S State,other,100,CB,4634.63195800781,272.436699731459
134,,,PWD,422012454008,0.105*,C,Parking/Alleys,Parking Lot,PWD,214 W Clark,other,100,CB,4606.75354003906,271.643014874744
135,,,PWD,422012454009,0.388*,C,Parking/Alleys,Parking Lot,PWD,210 W Clark,other,100,CB,16921.3374023438,520.377591873014
136,,,CFD,422012460001,0.141*,B,Building,Fire Station 1,CFD,209 W White,other,100,IT-MX,6179.39306640625,368.251202048016
137,,,CFD,422012460002,0.149*,B,Building,Fire Station 1,CFD,205 W White,other,100,IT-MX,6501.83203125,371.49962427244
138,,,CFD,422012460003,0.236*,B,Building,Fire Station 1,CFD,203 W White,other,100,IT-MX,10303.5961914062,426.441058585185
139,,,CFD,422012460004,0.114*,B,Building,Fire Station 1,CFD,304 Cottage Ct,other,100,IT-MX,5006.61120605469,301.093251166787
140,,,CFD,422012460005,9.693*,B,Building,Fire Station 1,CFD,306 Cottage Ct,other,100,IT-MX,4222.53063964844,285.296530544224
141,,,CFD,422012460014,9.324*,B,Building,Fire Station 1,CFD,301 S Randolph,other,100,IT-MX,4061.62536621094,263.779358469991
142,,,CFD,422012460015,9.251*,B,Building,Fire Station 1,CFD,303 S Randolph,other,100,IT-MX,4030.06481933594,263.238036556566
143,,,CFD,422012460016,9.270*,B,Building,Fire Station 1,CFD,305 S Randolph,other,100,IT-MX,4038.32836914062,263.648642294062
144,,,CFD,422012460017,0.138*,B,Building,Fire Station 1,CFD,307 S Randolph,other,100,IT-MX,6037.92407226562,364.082546245341
145,,,CFD,422012460018,0.126*,B,Building,Fire Station 1,CFD,309 S Randolph,other,100,IT-MX,5519.12268066406,348.518089264137
146,,,PWD,422012484008,1.116*,C,Parking/Alleys,Parking Lot,PWD,101 S Market,other,100,CB,48626.7758789062,920.32363593298
147,,,PWD,422012484010,0.400*,C,Parking/Alleys,Parking Lot,PWD,132 S Market,other,100,CB,17465.0989990234,737.900154763556
148,,,LIB,432013205001,0.125*,B,Building,Library,LIB,Green/Healey/State/Randolph,other,5,IT-MX,5472.43017578125,301.692590701966
149,,,LIB,432013205002,6.932*,B,Building,Library,LIB,Green/Healey/State/Randolph,other,5,IT-MX,3019.8359375,220.726447705444
150,,,LIB,432013205003,0.227*,B,Building,Library,LIB,Green/Healey/State/Randolph,other,5,IT-MX,9895.97888183594,544.408788332015
151,,,LIB,432013205004,0.256*,B,Building,Library,LIB,Green/Healey/State/Randolph,other,5,IT-MX,11175.2624511719,503.75650449635
152,,,LIB,432013205005,0.244*,B,Building,Library,LIB,Green/Healey/State/Randolph,other,5,IT-MX,10662.8020019531,499.367393192202
153,,,LIB,432013205006,0.251*,B,Building,Library,LIB,Green/Healey/State/Randolph,other,5,IT-MX,10971.0111083984,503.38089154536
154,,,LIB,432013205007,0.252*,B,Building,Library,LIB,Green/Healey/State/Randolph,other,5,IT-MX,11005.6887207031,504.613579536798
155,,,LIB,432013205008,0.184*,B,Building,Library,LIB,Green/Healey/State/Randolph,other,5,IT-MX,8051.8076171875,382.510748530602
156,,,LIB,432013205009,0.112*,B,Building,Library,LIB,Green/Healey/State/Randolph,other,5,IT-MX,4881.97521972656,319.284270223756
157,,,LIB,432013205010,6.648*,B,Building,Library,LIB,Green/Healey/State/Randolph,other,5,IT-MX,2895.87915039062,215.686199274714
158,,,LIB,432013205011,5.934*,B,Building,Library,LIB,Green/Healey/State/Randolph,other,5,IT-MX,2585.12353515625,204.716334274998
159,,,LIB,432013205012,5.266*,B,Building,Library,LIB,Green/Healey/State/Randolph,other,5,IT-MX,2294.04321289062,194.381571397056
160,,,LIB,432013205013,8.839*,B,Building,Library,LIB,Green/Healey/State/Randolph,other,5,IT-MX,3850.46313476562,249.290926962155
161,,,LIB,432013205014,0.273*,B,Building,Library,LIB,Green/Healey/State/Randolph,other,5,IT-MX,11903.0113525391,524.326464404606
162,,,LIB,432013205015,0.235*,B,Building,Library,LIB,Green/Healey/State/Randolph,other,5,IT-MX,10259.7661132812,507.246144740524
163,,,LIB,432013205016,0.288*,B,Building,Library,LIB,Green/Healey/State/Randolph,other,5,IT-MX,12573.6998291016,529.151348580469
164,,,LIB,432013205017,0.260*,B,Building,Library,LIB,Green/Healey/State/Randolph,other,5,IT-MX,11363.4393310547,516.233382008763
165,,,LIB,432013205018,0.260*,B,Building,Library,LIB,Green/Healey/State/Randolph,other,5,IT-MX,11327.9294433594,514.968208520298
166,,,LIB,432013205019,0.110*,B,Building,Library,LIB,Green/Healey/State/Randolph,other,5,IT-MX,4800.21069335938,277.45533633799
167,,,LIB,432013205020,0.102*,B,Building,Library,LIB,Green/Healey/State/Randolph,other,5,IT-MX,4481.52026367188,268.463440436137
168,,,LIB,432013205021,0.212*,B,Building,Library,LIB,Green/Healey/State/Randolph,other,5,IT-MX,9246.90283203125,407.008054151695
169,,,LIB,432013205022,0.157*,B,Building,Library,LIB,Green/Healey/State/Randolph,other,5,IT-MX,6845.86181640625,371.7174988113
170,,,LIB,432013205023,0.155*,B,Building,Library,LIB,Green/Healey/State/Randolph,other,5,IT-MX,6771.60461425781,370.864515314165
171,,,LIB,432013205024,7.505*,B,Building,Library,LIB,Green/Healey/State/Randolph,other,5,IT-MX,3269.31225585938,264.824311270418
172,,,LIB,432013205025,0.233*,B,Building,Library,LIB,Green/Healey/State/Randolph,other,5,IT-MX,10172.8575439453,398.313913977746
173,The Hole,,PWD,432013231019,1.336*,A,Drainage/Boneyard,Healey St Basin,PWD,Healey Street Basin,Flood Hazard Area,3,CG,58220.3350830078,1284.52556858903
174,The Hole,,PWD,432013231020,3.260*,A,Drainage/Boneyard,Healey St Basin,PWD,Healey Street Basin,Flood Hazard Area,3,CG,142040.303222656,1557.85534958146
175,West Station,,CFD,442015251001,0.595*,B,Building,Fire Station 4,CFD,2315 S John,other,14,SF 1,25919.9854736328,653.999848104342
176,Mini Park from Demo,,PRK,442015482036,0.172*,A,Greenspace,Mini park,Parks,1515 S Mattis,other,14,SF 1,7517.01489257812,348.143698653705
177,,,PWD,452022254018,6.308*,A,Drainage/Phinney,Phinney Branch,PWD,Cresent Row,Flood Hazard Area,15,SF 1,2748.03918457031,245.356252998226
178,Southwood Pool,,NSD,452022278001,0.272*,A,Drainage/Phinney,Phinney Branch ,NSD,2007 Cypress,Flood Hazard Area,15,SF 1,11883.8237304688,506.844947181073
179,Southwood Pool,,NSD,452022278002,0.211*,A,Drainage/Phinney,Phinney Branch ,NSD,2005 Cypress,Phinney Branch,15,SF 1,9205.21984863281,453.567336557327
180,,,CFD,452023281003,0.253*,B,Building,Fire Station 2,CFD,1901 S Prospect,other,11,SF 1,11058.8194580078,418.783070218276
181,Southwest Station Station Six,,CFD,462028126001,1.595*,B,Building,Fire Station 6,CFD,3911 W Windsor Rd.,other,25,MF 1,69490.06640625,1064.29455304818
182,Bristol Park Plan,,NSD,462106351001,0.285*,D,City Redevelopment,Bristol Park Plan,NSD,1416 N Market St,Bristol Park Plan,1,MF 1,12455.4089355469,468.258987216134
183,Bristol Park Plan,,NSD,462106352002,0.127*,D,City Redevelopment,Bristol Park Plan,NSD,1408 N Market St,Bristol Park Plan,1,MF 1,5543.45043945312,321.139813513542
184,Bristol Park Plan,98-0154,NSD,462106352004,0.254*,D,City Redevelopment,Bristol Park Plan,NSD,1404 N Market St,Bristol Park Plan,1,MF 1,11086.9373779297,421.636642016237
185,,,PWD,462106353001,0.218*,A,Drainage/Boneyard,Boneyard Channel,PWD,105 E Bellefontaine St,Flood Hazard Area,1,MF 1,9505.86267089844,420.929454970831
186,,96-0258,PWD,462106353002,0.218*,A,Drainage/Boneyard,Boneyard Channel,PWD,1308 N Market St,Flood Hazard Area,1,MF 1,9505.85998535156,420.92966152704
187,,,PWD,462106353003,0.109*,A,Drainage/Boneyard,Boneyard Channel,PWD,1306 1/2 N Market St,Flood Hazard Area,1,MF 1,4752.91845703125,355.295334642288
188,,96-0258,PWD,462106353004,0.109*,A,Drainage/Boneyard,Boneyard Channel,PWD,1306 N Market St,Flood Hazard Area,1,MF 1,4752.93896484375,355.29581854595
189,,98-0236,PWD,462106353005,0.218*,A,Drainage/Boneyard,Boneyard Channel,PWD,1304 N Market St,Flood Hazard Area,1,MF 1,9505.85485839844,420.930941034124
190,,,PWD,462106353006,0.218*,A,Drainage/Boneyard,Boneyard Channel,PWD,1302 N Market St,Flood Hazard Area,1,MF 1,9505.86340332031,420.932345495273
191,,96-0207,NSD,462106353011,9.181*,D,City Redevelopment,Bristol Park Plan,NSD,1315 N Clock St,Bristol Park Plan,1,SF 1,3999.56188964844,279.850872541387
192,,97-0304,NSD,462106354001,0.167*,A,Drainage/Boneyard,Boneyard Channel,NSD,1214 N Market St,Bristol Park Plan,1,MF 1,7312.06237792969,391.27658666854
193,,,NSD,462106354002,0.166*,A,Drainage/Boneyard,Boneyard Channel,NSD,1212 N Market St,Bristol Park Plan,1,MF 1,7274.01940917969,390.464942836655
194,,95-0075,PWD,462106354009,0.115*,A,Drainage/Boneyard,Boneyard Channel,PWD,107 Garwood St,Flood Hazard Area,1,SF 1,5037.82971191406,370.623218397663
195,,99-0211,PWD,462106354010,0.115*,A,Drainage/Boneyard,Boneyard Channel,PWD,107 1/2 Garwood St,Flood Hazard Area,1,SF 1,5040.95166015625,370.810557377037
196,,94-0282,PWD,462106354011,0.231*,A,Drainage/Boneyard,Boneyard Channel,PWD,109 Garwood St,Flood Hazard Area,1,SF 1,10091.9387207031,437.303603782424
197,,99-0129,PWD,462106354012,0.154*,A,Drainage/Boneyard,Boneyard Channel,PWD,111 Garwood St,Flood Hazard Area,1,SF 1,6725.0634765625,335.356196403924
198,,,PWD,462106354013,7.874*,A,Drainage/Boneyard,Boneyard Channel,PWD,1209 N Clock St,Flood Hazard Area,1,SF 1,3430.25512695312,236.255216348266
199,,97-0344,PWD,462106354014,0.204*,A,Drainage/Boneyard,Boneyard Channel,PWD,1207 N Clock St,Flood Hazard Area,1,SF 1,8928.84375,420.357079700932
200,,95-0088,PWD,462106354015,0.205*,A,Drainage/Boneyard,Boneyard Channel,NSD,1203 N Clock St,Flood Hazard Area,1,SF 1,8945.83715820312,421.284305894793
201,,,NSD,462106356005,0.139*,D,City Redevelopment,Bristol Park Plan,NSD,209 Bellefontaine St,Bristol Park Plan,1,SF 1,6071.73742675781,341.792408193172
202,,,NSD,462106356011,0.139*,D,City Redevelopment,Bristol Park Plan,PWD,206 Garwood St,Bristol Park Plan,1,SF 1,6077.91467285156,341.890273210044
203,,,NSD,462106357001,0.137*,D,City Redevelopment,Bristol Park Plan,NSD,201 Garwood St,Bristol Park Plan,1,SF 1,5984.36962890625,339.621013602549
204,,97-0240,NSD,462107101002,0.103*,A,Drainage/Boneyard,Parking Lot Leased,NSD,103 E Bradley Ave,Flood Hazard Area,1,I1,4514.06628417969,302.062342434448
205,,96-0257,NSD,462107101003,0.103*,A,Drainage/Boneyard,Parking Lot Leased,NSD,105 E Bradley Ave,Flood Hazard Area,1,I1,4499.73620605469,301.017802949191
206,,96-0087,NSD,462107101004,0.094*,A,Drainage/Boneyard,Boneyard Channel,NSD,107 E Bradley Ave,Flood Hazard Area,1,I1,4110.02014160156,282.248892940132
207,,96-0117,NSD,462107101005,0.094*,A,Drainage/Boneyard,Boneyard Channel,NSD,109 E Bradley Ave,Flood Hazard Area,1,I1,4110.55737304688,282.276456441328
208,,97-0195,NSD,462107101006,0.094*,A,Drainage/Boneyard,Boneyard Channel,NSD,111 E Bradley Ave,Flood Hazard Area,1,I1,4104.42395019531,282.170574715518
209,,98-0333,NSD,462107101010,0.132*,A,Drainage/Boneyard,Boneyard Channel,NSD,1111 N Clock St,Flood Hazard Area,1,I1,5746.88195800781,339.566056537037
210,,97-0211,NSD,462107101011,0.132*,A,Drainage/Boneyard,Boneyard Channel,NSD,1109 N Clock St,Flood Hazard Area,1,I1,5740.71118164062,339.398773419497
211,,97-0210,NSD,462107101012,0.132*,A,Drainage/Boneyard,Boneyard Channel,NSD,1107 N Clock St,Flood Hazard Area,1,I1,5738.20935058594,339.291561109562
212,,97-0129,NSD,462107101015,0.109*,A,Drainage/Boneyard,Boneyard Channel,NSD,203 E Bradley Ave,Flood Hazard Area,1,I1,4733.32080078125,294.795404427382
213,,96-0087,NSD,462107101016,0.109*,A,Drainage/Boneyard,Boneyard Channel,NSD,205 E Bradley Ave,other,1,I1,4734.09375,294.828211803056
214,,96-0087,NSD,462107101017,0.109*,A,Drainage/Boneyard,Boneyard Channel,NSD,207 E Bradley Ave,other,1,I1,4734.87170410156,294.861019417005
215,,98-0036,NSD,462107101018,0.109*,A,Drainage/Boneyard,Boneyard Channel,NSD,209 E Bradley Ave,other,1,I1,4735.66369628906,294.894157202104
216,,96-0087,NSD,462107101019,0.071*,A,Drainage/Boneyard,Boneyard Channel,NSD,211 E Bradley Ave,other,1,I1,3094.90478515625,267.400771396293
217,,,NSD,462107101024,0.142*,A,Drainage/Boneyard,Boneyard Channel, ,1111 N Chestnut St,other,1,I1,6205.14050292969,361.530619861569
218,,97-0041,NSD,462107101025,0.126*,A,Drainage/Boneyard,Boneyard Channel,NSD,1109 N Chestnut St,other,1,I1,5488.56762695312,330.942948002058
219,,98-0072,NSD,462107101032,0.109*,A,Drainage/Boneyard,Boneyard Channel,NSD,201 E Bradley Ave,Flood Hazard Area,1,I1,4743.94592285156,295.05813425407
220,,,NSD,462107101033,0.355*,A,Drainage/Boneyard,Boneyard Channel,NSD,1106 N Clock St,Flood Hazard Area,1,I1,15460.3420410156,500.898675292353
221,,,NSD,462107151001,1.019*,A,Drainage/Boneyard,Boneyard Channel,NSD,738 N Market,Flood Hazard Area,1,I1,44409.8510742188,960.209035872818
222,,,NSD,462107151003,0.358*,A,Drainage/Boneyard,Boneyard Channel,NSD,720 N Market,Flood Hazard Area,1,I1,15618.1224365234,512.551098347734
223,PWD Storage,,PWD,462107151004,0.102*,A,Drainage/Boneyard,Public Works Storage,PWD,718 N Market,Flood Hazard Area,1,I1,4470.62451171875,344.665519385272
224,PWD Storage,,PWD,462107151005,0.102*,A,Drainage/Boneyard,Public Works Storage,PWD,716 N Market,Flood Hazard Area,1,I1,4463.18127441406,344.199047462208
225,PWD Storage,,PWD,462107151006,0.102*,A,Drainage/Boneyard,Public Works Storage,PWD,714 N Market,Flood Hazard Area,1,I1,4455.81457519531,343.733416178203
226,PWD Storage,,PWD,462107151007,0.102*,A,Drainage/Boneyard,Public Works Storage,PWD,712 N Market,Flood Hazard Area,1,I1,4448.35205078125,343.266535124176
227,PWD Storage,,PWD,462107151008,0.203*,A,Drainage/Boneyard,Public Works Storage,PWD,710 N Market,Flood Hazard Area,1,I1,8874.47436523438,406.198966242604
228,PWD Storage,,PWD,462107154046,10.41*,A,Drainage/Boneyard,Boneyard Channel Park,PWD,MLK Commons,Flood Hazard Area,2,SF 1,453804.689208984,3852.19584137884
229,,,PWD,462107159005,0.171*,A,Drainage/Boneyard,Boneyard Channel,PWD,509 N Oak,Flood Hazard Area,2,SF 2,7468.25952148438,369.085042142187
230,,,PWD,462107159006,0.111*,A,Drainage/Boneyard,Boneyard Channel,PWD,507 N Oak,Flood Hazard Area,2,SF 2,4850.09509277344,327.06273367425
231,,,PWD,462107159007,8.867*,A,Drainage/Boneyard,Boneyard Channel,PWD,505 1/2 N Oak,Flood Hazard Area,2,SF 2,3862.8798828125,311.21790707768
232,,,PWD,462107159008,5.076*,A,Drainage/Boneyard,Boneyard Channel,PWD,505 N Oak,Flood Hazard Area,2,SF 2,2211.25024414062,192.608063247922
233,,95-0124,PWD,462107159009,9.211*,A,Drainage/Boneyard,Boneyard Channel,PWD,503 N Oak,Flood Hazard Area,2,SF 2,4012.32568359375,349.493274480991
234,,,PWD,462107160003,0.239*,A,Drainage/Boneyard,Boneyard Channel,PWD,510 N Oak,Flood Hazard Area,2,SF 2,10420.8061523438,477.274041714394
235,,96-0198,PWD,462107160004,0.270*,A,Drainage/Boneyard,Boneyard Channel,PWD,508 N Oak,Flood Hazard Area,2,SF 2,11778.4935302734,517.673162671489
236,,,PWD,462107160005,0.093*,A,Drainage/Boneyard,Boneyard Channel,PWD,506 1/2 N Oak,Flood Hazard Area,2,SF 2,4077.86047363281,339.913888721263
237,,,PWD,462107160006,9.995*,A,Drainage/Boneyard,Boneyard Channel,PWD,506 N Oak,Flood Hazard Area,2,SF 2,4354.14868164062,358.494035238806
238,,94-0128,PWD,462107160007,9.409*,A,Drainage/Boneyard,Boneyard Channel,PWD,504 1/2 N Oak,Flood Hazard Area,2,SF 2,4098.8203125,341.476142203588
239,,94-0164,PWD,462107160008,0.109*,A,Drainage/Boneyard,Boneyard Channel,PWD,504 N Oak,Flood Hazard Area,2,SF 2,4783.96240234375,366.283646177018
240,,,PWD,462107160009,1.772*,A,Drainage/Boneyard,Boneyard Channel,PWD,108 E Washington,Flood Hazard Area,2,SF 2,771.96044921875,161.587089009007
241,,,PWD,462107160010,0.175*,A,Drainage/Boneyard,Boneyard Channel,PWD,108 E Washington,Flood Hazard Area,2,SF 2,7637.08215332031,361.87780488532
242,,,PWD,462107160011,4.801*,A,Drainage/Boneyard,Boneyard Channel,PWD,511 N Second,Boneyard Phase III,2,SF 2,2091.6240234375,201.962013753105
243,,,PWD,462107160012,4.815*,A,Drainage/Boneyard,Boneyard Channel,PWD,509 N Second,Boneyard Phase III,2,SF 2,2097.70922851562,202.233338366682
244,,,PWD,462107160013,5.990*,A,Drainage/Boneyard,Boneyard Channel,PWD,507 N Second,Boneyard Phase III,2,SF 2,2609.595703125,237.629922231177
245,,,PWD,462107160014,6.550*,A,Drainage/Boneyard,Boneyard Channel,PWD,505 N Second,Boneyard Phase III,2,SF 2,2853.40222167969,243.179792426913
246,,,PWD,462107160015,0.198*,A,Drainage/Boneyard,Boneyard Channel,PWD,110 E Washington,Boneyard Phase III,2,SF 2,8640.57336425781,393.995813169569
247,,,PWD,462107163014,0.203*,A,Greenspace,Bike Path RR,PWD,N&W RR ROW,Bike Path ,2,<Null>,8855.42102050781,534.01102590694
248,,,PRK,462107163014,0.122*,A,Greenspace,Bike Path RR,Parks,N&W RR ROW,Bike Path ,2,<Null>,5317.85437011719,347.777179241659
249,,,PRK,462107163014,0.162*,A,Greenspace,Bike Path RR,Parks,N&W RR ROW,Bike Path,2,<Null>,7067.17492675781,447.109745538616
250,,,PRK,462107163014,0.145*,A,Greenspace,Bike Path RR,Parks,N&W RR ROW,other,2,<Null>,6346.60510253906,382.495207310604
251,,,PRK,462107163014,0.180*,A,Greenspace,Bike Path RR,Parks,N&W RR ROW,other,2,,7847.53564453125,401.368615290103
252,,,PRK,462107163014,0.153*,A,Greenspace,Bike Path RR,Parks,N&W RR ROW,other,2,,6687.57849121094,388.766254543572
253,,,PRK,462107163014,0.397*,A,Drainage/Boneyard,Boneyard Channel,Parks,N&W RR ROW,Flood Hazard Area,2,SF 2,17324.8922119141,528.825776687744
254,Sourth part of RR ROW,,PRK,462107163014,0.260*,A,Drainage/Boneyard,Boneyard Channel,Parks,N&W RR ROW,Boneyard Phase III,2,SF 2,11337.6595458984,431.208620352639
255,,,NSD,462107176002,2.846*,E,Surplus Property,Vacant Lot,NSD,706 N Fourth,Developer future use,2,SF 1,1239.90405273438,141.980403088628
258,,,PRK,462107301001,0.283*,A,Drainage/Boneyard,Boneyard Channel,Parks,408 N First,Flood Hazard Area,2,MF 3,12367.8433837891,518.496579389089
259,,,PWD,462107301002,0.129*,A,Drainage/Boneyard,Boneyard Channel,PWD,107 E Washington,Flood Hazard Area,2,MF 3,5628.06311035156,303.913564161175
260,,,PWD,462107301005,0.198*,A,Drainage/Boneyard,Boneyard Channel,PWD,102 E Hill ,Flood Hazard Area,2,MF 3,8650.99169921875,395.083999073043
261,,,PWD,462107301006,0.198*,A,Drainage/Boneyard,Boneyard Channel,PWD,104 E Hill,Flood Hazard Area,2,MF 3,8657.95190429688,395.296465799251
262,,,PWD,462107301007,0.198*,A,Drainage/Boneyard,Boneyard Channel,PWD,106 E Hill,Flood Hazard Area,2,MF 3,8664.91064453125,395.509273211319
263,,96-0290,PWD,462107301008,0.199*,A,Drainage/Boneyard,Boneyard Channel,PWD,108 E Hill,Flood Hazard Area,2,MF 3,8671.89099121094,395.723075080121
264,,,PWD,462107302006,0.200*,A,Drainage/Boneyard,Boneyard Channel,PWD,107 E Hill,Flood Hazard Area,2,MF 3,8733.50329589844,396.494372034534
265,,99-0211,PWD,462107302007,0.201*,A,Drainage/Boneyard,Boneyard Channel,PWD,109 E Hill,Flood Hazard Area,2,MF 3,8791.65625,397.255266134057
266,,94-0241,PWD,462107302008,7.337*,A,Drainage/Boneyard,Boneyard Channel,PWD,111 E Hill,Flood Hazard Area,2,MF 3,3196.40563964844,239.623661532622
267,,94-0126,PWD,462107302009,0.119*,A,Drainage/Boneyard,Boneyard Channel,PWD,305 N Second,Flood Hazard Area,2,MF 3,5189.99206542969,390.360421108966
268,,95-0051,PWD,462107302016,0.199*,A,Drainage/Boneyard,Boneyard Channel,PWD,112 E Church,Flood Hazard Area,2,SF 1,8695.86987304688,395.660508923812
269,,93-0197,PLN,462107303004,0.067*,D5,City Redevelopment,North First Street Plan,PLN,204 1/2 N First,North First Street Plan,2,CB,2951.57824707031,221.454218101186
270,,,PLN,462107303006,6.718*,D5,City Redevelopment,North First Street Plan,PLN,102 N First,North First Street Plan,2,CB,2926.50708007812,220.675883585585
271,,,PLN,462107303013,0.202*,D5,City Redevelopment,North First Street Plan,PLN,104 E Park,North First Street Plan,2,CB,8813.84912109375,399.082188312894
272,,93-0026,PWD,462107307001,0.118*,A,Drainage/Boneyard,Boneyard Channel,PWD,208 N Second St,Flood Hazard Area,2,SF 2,5146.81970214844,287.868207074906
273,,,PWD,462107307003,0.202*,A,Drainage/Boneyard,Boneyard Channel,PWD,203 E Church,Flood Hazard Area,2,SF 2,8814.71838378906,398.631195715648
274,,96-0289,PWD,462107307012,0.201*,A,Drainage/Boneyard,Boneyard Channel,PWD,206 E Park,Flood Hazard Area,2,MF 3,8784.74865722656,398.115471267566
275,,95-0021,PWD,462107307013,0.201*,A,Drainage/Boneyard,Boneyard Channel,PWD,208 E Park,Flood Hazard Area,2,MF 3,8780.44079589844,397.985878488825
276,Condemend housing also used for Amerin Parking,,NSD,462107327007,0.200*,E5,Surplus Property,Vacant Lot,NSD,411 E Hill,Developer future use,2,SF 1,8723.26025390625,389.465916265188
277,Condemend housing,,NSD,462107328014,0.081*,E5,Surplus Property,Vacant Lot,NSD,203 N Fifth,Developer future use,2,SF 1,3544.2685546875,239.852847644121
278,Part of Amerin clean up,,PWD,462107330003,6.748*,E5,Surplus Property,Vacant Lot,PWD,503 1/2 E Washington,Developer future use,2,SF 2,2939.8466796875,246.47734988363
279,Purchase for road re-do ROW,,PRK,462107338016,0.205*,A,Greenspace,ROW Green Space,Parks,612 E University,other,2,CG,8957.65905761719,401.355030483537
280,,,PWD,462107351009,0.202*,A,Drainage/Boneyard,Second St Detention Basins,PWD,131 E University,Boneyard Phase II,3,CB,8808.24829101562,397.31938275946
281,,,PWD,462107351012,9.576*,A,Drainage/Boneyard,Second St Detention Basins,PWD,108 E Clark,Boneyard Phase II,3,MF 2,4171.41711425781,258.487413152583
282,,,PWD,462107351013,0.202*,A,Drainage/Boneyard,Second St Detention Basins,PWD,110 E Clark,Boneyard Phase II,3,MF 2,8815.28955078125,397.668238060832
283,,,PWD,462107352006,0.269*,A,Drainage/Boneyard,Second St Detention Basins,PWD,109 E Clark,Boneyard Phase II,3,MF 2,11742.7545166016,441.777853948351
284,,94-0305,PWD,462107352007,5.775*,A,Drainage/Boneyard,Second St Detention Basins,PWD,111 E Clark,Boneyard Phase II,3,MF 2,2515.79467773438,210.483643025566
285,,,PWD,462107352008,4.774*,A,Drainage/Boneyard,Second St Detention Basins,PWD,111 1/2 E Clark,Flood Hazard Area,3,MF 2,2079.91174316406,198.268811387764
286,,,PWD,462107352009,9.745*,A,Drainage/Boneyard,Second St Detention Basins,PWD,203 S Second,Flood Hazard Area,3,MF 2,4244.90258789062,260.706178065845
287,,2001-225,PWD,462107352013,0.114*,A,Drainage/Boneyard,Second St Detention Basins,PWD,108 E White,Boneyard Phase II,3,MF 2,4972.54113769531,338.175402768287
288,,,PWD,462107352014,0.176*,A,Drainage/Boneyard,Second St Detention Basins,PWD,110 E White,Boneyard Phase II,3,MF 2,7706.10375976562,380.13692848142
289,,,PWD,462107352015,0.125*,A,Drainage/Boneyard,Second St Detention Basins,PWD,112 E White,Boneyard Phase II,3,MF 2,5458.40588378906,346.301810923473
290,,,PWD,462107352016,0.102*,A,Drainage/Boneyard,Second St Detention Basins,PWD,112 1/2 E White,Boneyard Phase II,3,MF 2,4461.09057617188,331.462206922908
291,,98-0219,PWD,462107352017,0.201*,A,Drainage/Boneyard,Second St Detention Basins,PWD,114 E White,Flood Hazard Area,3,MF 2,8776.33288574219,397.157624843571
292,,2000-181,PWD,462107352019,0.302*,A,Drainage/Boneyard,Second St Detention Basins,PWD,105 E Clark,Boneyard Phase II,3,MF 2,13159.9271240234,463.049238665675
293,,2000-181,PWD,462107353002,0.203*,A,Drainage/Boneyard,Second St Detention Basins,PWD,105 E White,Boneyard Phase II,3,MF 2,8858.40991210938,399.900353904589
294,,,PWD,462107353009,0.202*,A,Drainage/Boneyard,Second St Detention Basins,PWD,106 E Stoughton,Boneyard Phase II,3,MF 3,8837.83947753906,399.592777076035
295,,2008-180,PWD,462107353010,0.202*,A,Drainage/Boneyard,Second St Detention Basins,PWD,108 E Stoughton,Boneyard Phase II,3,MF 3,8829.80004882812,399.349797064992
296,,,PWD,462107353011,0.202*,A,Drainage/Boneyard,Second St Detention Basins,PWD,110 E Stoughton,Boneyard Phase II,3,MF 3,8821.72741699219,399.106764097975
297,,,PWD,462107354004,0.155*,A,Drainage/Boneyard,Second St Detention Basins,PWD,105 E Stoughton,Boneyard Phase II,3,MF 3,6759.14123535156,370.441122047913
298,,,PWD,462107354005,0.161*,A,Drainage/Boneyard,Second St Detention Basins,PWD,107 E Stoughton,Boneyard Phase II,3,MF 3,7021.51293945312,374.132177132404
299,,,PWD,462107354006,0.182*,A,Drainage/Boneyard,Second St Detention Basins,PWD,109 E Stoughton,Boneyard Phase II,3,MF 3,7956.88989257812,387.792683643352
300,,,PWD,462107354010,0.113*,A,Drainage/Boneyard,Second St Detention Basins,PWD,106 E Springfield,Boneyard Phase II,3,MF 3,4938.04382324219,281.626591882173
301,,,PWD,462107354011,0.113*,A,Drainage/Boneyard,Second St Detention Basins,PWD,108 E Springfield,Boneyard Phase II,3,MF 3,4932.82482910156,281.500176619384
302,,2009-006,PWD,462107354013,0.200*,A,Drainage/Boneyard,Second St Detention Basins,PWD,110 E Springfield,Boneyard Phase II,3,MF3,8742.3408203125,385.892432493177
303,,2009-006,PWD,462107354015,0.157*,A,Drainage/Boneyard,Second St Detention Basins,PWD,111 E Stoughton,Boneyard Phase II,3,MF 3,6854.73107910156,371.246644972035
304,,95-0086,PWD,462107354016,0.176*,A,Drainage/Boneyard,Second St Detention Basins,PWD,113 E Stoughton,Flood Hazard Area,3,MF 3,7666.65502929688,383.111237021282
305,,,PWD,462107355005,0.156*,A,Drainage/Boneyard,Univeristy Rain Garden,PWD,203 E University,Flood Hazard Area,3,CB,6798.70593261719,363.8652465901
306,,,PWD,462107355006,4.429*,A,Drainage/Boneyard,University Rain Garden,PWD,104 S Second,Flood Hazard Area,3,CB,1929.68017578125,279.789077546158
307,,,PWD,462107356001,0.200*,A,Drainage/Boneyard,Second St Rain Garden,PWD,201 E Clark,Flood Hazard Area,3,MF 2,8755.427734375,397.159811037259
308,,,PWD,462107356002,5.499*,A,Drainage/Boneyard,Second St Rain Garden,PWD,203 E Clark,Boneyard Phase II,3,MF 2,2395.46728515625,210.860849692162
309,,,PWD,462107357005,0.198*,C,Parking/Alleys,Parking Lot,PWD,207 E White,other,3,MF 2,8654.90270996094,404.815246129222
310,,,PWD,462107357006,0.213*,C,Parking/Alleys,Parking Lot,PWD,209 E White,other,3,MF 2,9279.94714355469,413.545922694089
311,,,PWD,462107357007,0.278*,C,Parking/Alleys,Parking Lot,PWD,211 E White,other,3,MF 2,12128.0100097656,453.852159071948
312,,,PWD,462107357010,0.197*,C,Parking/Alleys,Parking Lot,PWD,206 E Stoughton,other,3,MF 3,8620.65246582031,404.466192216284
313,,,PWD,462107357011,0.199*,C,Parking/Alleys,Parking Lot,PWD,208 E Stoughton,other,3,MF 3,8676.86071777344,405.126746972257
314,,,PWD,462107357012,0.162*,C,Parking/Alleys,Parking Lot,PWD,210 E Stoughton,other,3,MF 3,7071.16650390625,382.2180133658
315,,,PWD,462107357013,0.162*,C,Parking/Alleys,Parking Lot,PWD,212 E Stoughton,other,3,MF 3,7061.87756347656,381.960390461382
316,,,PWD,462107357014,6.964*,C,Parking/Alleys,Parking Lot,PWD,305 S Third,other,3,MF 3,3033.78381347656,220.677184399162
317,,,PWD,462107357015,9.860*,C,Parking/Alleys,Parking Lot,PWD,214 E Stoughton,other,3,MF 3,4295.41967773438,269.085849316446
318,,,PWD,462107358004,0.203*,D,City Redevelopment,Vacant Lot Burnham,PWD,207 E Stoughton,Developer future use,3,MF 3,8878.59252929688,400.12081379163
319,,,PWD,462107358005,0.203*,D,City Redevelopment,Vacant Lot Burnham,PWD,209 E Stoughton,Developer future use,3,MF 3,8865.32531738281,399.719776687662
320,,,PWD,462107358006,0.101*,D,City Redevelopment,Vacant Lot Burnham,PWD,213 E Stoughton,Developer future use,3,MF 3,4422.22265625,265.999437844533
321,,,PWD,462107358007,6.771*,D,City Redevelopment,Vacant Lot Burnham,PWD,403 S Third,Developer future use,3,MF 3,2949.63488769531,221.697495856803
322,,,PWD,462107358008,3.397*,D,City Redevelopment,Vacant Lot Burnham,PWD,405 S Third,Developer future use,3,MF 3,1480.12939453125,177.541870913485
323,,,PWD,462107379001,0.205*,C,Parking/Alleys,Parking Lot,PWD,401 E Stoughton,other,3,MF 3,8950.99169921875,403.084968301897
324,,,PWD,462107379002,0.205*,C,Parking/Alleys,Parking Lot,PWD,403 E Stoughton,other,3,MF 3,8938.49353027344,402.706682094868
325,,94-0283,PWD,462118104009,0.273*,A,Drainage/Boneyard,Multiuse Path/LAMAR Storage,PWD,606 S First,Boneyard Path,3,MF 3,11909.2392578125,514.991245736208
326,,94-0283,PWD,462118104010,0.274*,A,Drainage/Boneyard,Multiuse Path/LAMAR Storage,PWD,605 S Second,Boneyard Path,3,MF 3,11938.8566894531,516.109968114066
327,,97-0331,PWD,462118105004,0.146*,A,Drainage/Boneyard,Multiuse Path/LAMAR Storage,PWD,601 S Third,other,3,MF 3,6378.55908203125,324.502389325612
328,,97-0331,PWD,462118105005,7.798*,A,Drainage/Boneyard,Multiuse Path/LAMAR Storage,PWD,603 S Third,Boneyard Path,3,MF 3,3397.04602050781,235.589676070866
329,,,PWD,462118105006,0.276*,A,Drainage/Boneyard,Multiuse Path/LAMAR Storage,PWD,606 S Second,Boneyard Path,3,MF 3,12033.1918945312,519.419916499308
330,,97-0332,PWD,462118105007,0.141*,A,Drainage/Boneyard,Multiuse Path/LAMAR Storage,PWD,605 S Third,Boneyard Path,3,MF 3,6146.94909667969,324.428315501692
331,,97-0333,PWD,462118105008,0.135*,A,Drainage/Boneyard,Multiuse Path/LAMAR Storage,PWD,605 S Third,Boneyard Path,3,MF 3,5911.99047851562,316.655014438096
332,,,PWD,462118106010,0.324*,A,Drainage/Boneyard,Multiuse Path/LAMAR Storage,PWD,607 S Fourth,Boneyard Path,3,CB,14150.3343505859,944.667862708973
333,,,PWD,462118126003,0.199*,C,Parking/Alleys,Parking Lot,PWD,405 E Springfield,other,3,MF 3,8679.48779296875,395.333561995217
334,,,PWD,462118126004,0.199*,C,Parking/Alleys,Parking Lot,PWD,407 E Springfield,other,3,MF 3,8687.93115234375,395.588201771421
335,,,PWD,462118129018,9.809*,A,Drainage/Boneyard,Multiuse Path/LAMAR Storage,PWD,607 S Fifth,Boneyard Path,3,CB,4273.02282714844,412.059498981616
336,,,PWD,462118129019,8.104*,A,Drainage/Boneyard,Multiuse Path/LAMAR Storage,PWD,607 S Fifth,Boneyard Path,3,CB,3530.27355957031,387.041193200659
337,,,PWD,462118129026,1.098*,A,Drainage/Boneyard,Multiuse Path/LAMAR Storage,PWD,Fifth & Green,Boneyard Path,3,CB,478.625854492188,243.080582240152
338,,,PWD,462118130004,0.181*,C,Parking/Alleys,Parking Lot,PWD,505 1/2 E Healey,other,3,CB,7894.63354492188,447.382394475554
339,,,PWD,462118130005,0.141*,C,Parking/Alleys,Parking Lot,PWD,507 E Healey,other,3,CB,6146.27551269531,447.839145068892
340,,,PWD,462118130006,0.496*,C,Parking/Alleys,Parking Lot,PWD,509 E Healey,other,3,CB,21634.7874755859,625.192678004189
341,,,PWD,462118130013,0.227*,C,Parking/Alleys,Parking Lot,PWD,524 E Green,other,3,CB,9895.31066894531,477.735509354684
342,,,PWD,462118130014,0.164*,C,Parking/Alleys,Parking Lot,PWD,530 E Green,other,3,CB,7176.77563476562,431.145633684748
343,,,PWD,462118130018,1.267*,A,Drainage/Boneyard,Multiuse Path/LAMAR Storage,PWD,508 E Green,Boneyard Path,3,CB,552.170043945312,97.9124576004935
344,,,PWD,462118157009,0.174*,C,Parking/Alleys,Parkettes,PWD,E Armory Frist Chalmers Second,other,3,MF 3,7601.4375,363.35619188423
345,,,PWD,462118159007,0.203*,C,Parking/Alleys,Parkettes,PWD,E Armory Third Chalmers Fourth,other,3,MF 3,8867.70581054688,398.901781520128
346,Old Landfill,,PWD,121428300009,91.06*,A,Greenspace,Landfill,PWD,3616 Bloomington Rd,other,103,,3966492.60864258,9886.27174818625
347,,,PWD,462107302015,0.199*,A,Drainage/Boneyard,Boneyard Channel,PWD,110 E Church,Flood Hazard Area,2,SF 1,8703.7080078125,395.897815464971
348,,,PWD,422012408004,0.135*,C,Parking/Alleys,Parking Deck,PWD,115 W Hill,other,100,CB,5905.48937988281,356.651632229196
349,,,PWD,422012408005,0.136*,C,Parking/Alleys,Parking Deck,PWD,109 W Hill,other,100,CB,5934.12829589844,357.23410694607
350,,,PWD,462107355002,5.162*,A,Drainage/Boneyard,University Rain Gardne,PWD,203 1/2 E University,Boneyard Phase II,3,CB,2248.8662109375,216.345944208789
351,,2006-325,PWD,462107353006,0.202*,A,Drainage/Boneyard,Second St Detention Basins,PWD,113 E White,Flood Hazard Area,3,MF 2,8834.23608398438,399.171920541301
352,,CB#2001-225,PWD,422012280009,0.132*,A,Drainage/Boneyard,Boneyard Channel,PWD,701 N Walnut,Flood Hazard Area,1,SF 1,5765.59130859375,352.627880021331
353,,2009-145,PWD,462107353012,0.202*,A,Drainage/Boneyard,Second St Detention Basins,PWD,Parking Lot,Flood Hazard Area,3,MF 3,8813.67687988281,398.864346138315
354,,,PWD,462107353005,0.104*,A,Drainage/Boneyard,Second St Detention Basins,PWD,111 E White,Boneyard Phase II,3,MF 2,4536.15283203125,334.83253494343
355,,,PWD,462107353013,0.302*,A,Drainage/Boneyard,Second St Detention Basins,PWD,107 E White,Boneyard Phase II,3,MF 2,13156.4597167969,464.120634072969
356,,,PWD,462107355001,6.996*,A,Drainage/Boneyard,University Rain Gardne,PWD,201 E University,Boneyard Phase II,3,CB,3047.66320800781,236.088493768492
357,,2009-190,PWD,462107351014,0.202*,A,Drainage/Boneyard,Second St Detention Basins,PWD,112 E Clark,Flood Hazard Area,3,MF 2,8799.16296386719,397.186556985331
358,,,PWD,462107355023,5.893*,A,Drainage/Boneyard,Second St Detention Basins,PWD,202 E Clark,Flood Hazard Area,3,MF 2,2567.39196777344,302.32487211158
359,Farmed/Reject Station #3 site,,CFD,411435225002,2.143*,E,Surplus Property,Vacant Field,CFD,3209 Boardwalk,Developer future use,19,I1,93379.1887207031,1333.83082297269
360,,,PLN,462107302002,5.023*,D5,City Redevelopment,North First Street Plan,PLN,306 1/2 N First,North First Street Plan,2,CB,2188.16125488281,198.33557398058
361,,,PLN,462107302003,5.004*,D5,City Redevelopment,North First Street Plan,PLN,306 N First,North First Street Plan,2,CB,2179.90075683594,197.955768974983
363,,2010-165,NSD,412001486008,0.173*,D,City Redevelopment,NSP Grant,NSD,1209 N Market St,NSD Affordable Housing Sale,1,MF 1,7548.42211914062,361.88588236675
364,Vacant lot north of the Ice House,,PWD,422012205001,0.313*,A,Drainage/Boneyard,Boneyard,PWD,813 N State,Boneyard detention basin,4,CI,13652.2531738281,648.096519726084
365,Old Ice House ,,PWD,422012205002,1.079*,A,Drainage/Boneyard,Boneyard,PWD,811 N State,Boneyard detention basin,4,CI,47017.6688232422,1001.61722308622
366,Robinson Ct,,PWD,412011181015,0.151*,A,Drainage/Copper Slough,Detention Basin,PWD,1308 W Washington,West Washington Basin,9,,6596.0068359375,331.909414717093
367,Robinson Ct,,PWD,412011181014,0.153*,A,Drainage/Copper Slough,Detention Basin,PWD,503 Robinson Ct,West Washington Basin,9,,6669.51171875,334.117306290464
368,Robinson Ct,,PWD,412011181015,0.154*,A,Drainage/Copper Slough,Detention Basin,PWD,1308 W Washington,West Washington Basin,9,,6719.90319824219,337.705458579597
369,Robinson Ct,,PWD,412011181013,0.154*,A,Drainage/Copper Slough,Detention Basin,PWD,505 Ronbinson Ct,West Washington Basin,9,,6746.72741699219,338.256039173517
370,Robinson Ct,,PWD,412011181012,0.161*,A,Drainage/Copper Slough,Detention Basin,PWD,507 Robinson Ct,West Washington Basin,9,,7043.875,472.485003053672
371,Robinson Ct,,PWD,412011181011,0.164*,A,Drainage/Copper Slough,Detention Basin,PWD,509 Robinson Ct,West Washington Basin,9,,7154.49926757812,398.889757012612
372,Robinson Ct,,PWD,412011182015,0.126*,A,Drainage/Copper Slough,Detention Basin,PWD,510 Robinson Ct,West Washington Basin,9,,5493.07409667969,377.560055769991
373,Robinson Ct,,PWD,412011182016,0.146*,A,Drainage/Copper Slough,Detention Basin,PWD,508 Robinson Ct,West Washington Basin,9,,6393.77734375,332.773011902888
374,Robinson Ct,,PWD,412011182007,0.183*,A,Drainage/Copper Slough,Detention Basin,PWD,506 Robinson Ct,West Washington Basin,9,,7996.70104980469,372.619326866124
375,Robinson Ct,,PWD,412011182008,0.198*,A,Drainage/Copper Slough,Detention Basin,PWD,1306 W Washington,West Washington Basin,9,,8644.88208007812,394.03920865936
376,Robinson Ct,,PWD,412011182009,0.180*,A,Drainage/Copper Slough,Detention Basin,PWD,1304 W Washington,West Washington Basin,9,,7858.98962402344,382.042000786161
377,,,PWD,412011181006,0.164*,A,Drainage/Copper Slough,Drainage/Greenspace,PWD,510 N Garfield,RainGarden,9,,7145.18420410156,358.991867806649
378,,,PWD,,0.458*,A,Drainage/Copper Slough,Drainage/Greenspace,PWD,Robinson Ct,West Washington Basin,9,,19989.5209960938,775.349466004731
379,,,NSD,462106356004,0.139*,D,City Redevelopment,Bristol Park Plan,NSD,207 Bellefontaine St,Bristol Park Plan,1,SF 1,6068.41149902344,341.660836237916
380,,2015-155,LEG,462106355015,9.560*,D,City Redevelopment,Bristol Park Plan,LEG,214 Bellefontaine St,Bristol Park Plan,1,SF 1,4164.54846191406,274.496614085089
381,,2015-155,LEG,462106353015,0.154*,D,City Redevelopment,Bristol Park Plan,LEG,1307 N Clock St,Bristol Park Plan,1,SF 1,6749.23620605469,389.743867055083
382,,2015-155,LEG,462106354004,0.322*,D,City Redevelopment,Bristol Park Plan,LEG,1208 N Market St,Bristol Park Plan,1,SF 1,14037.6126708984,555.012265348902
383,,2015-155,LEG,462106356003,0.139*,D,City Redevelopment,Bristol Park Plan,LEG,205 Bellefontaine St,Bristol Park Plan,1,SF 1,6066.53820800781,341.553282189532
384,,2015-155,LEG,462106356012,0.139*,D,City Redevelopment,Bristol Park Plan,LEG,1307 N Chestnut St,Bristol Park Plan,1,SF 1,6065.62939453125,361.160153626378
385,,2015-155,LEG,462106356013,0.123*,D,City Redevelopment,Bristol Park Plan,LEG,1305 N Chestnut St,Bristol Park Plan,1,SF 1,5389.07287597656,331.183319741923
386,,2015-198,LEG,462106357003,0.137*,D,City Redevelopment,Bristol Park Plan,LEG,205 Garwood St,Bristol Park Plan,1,SF 1,6000.41479492188,339.977041517279
387,,2015-155,LEG,462106352018,0.145*,D,City Redevelopment,Bristol Park Plan,LEG,114 Bellefontaine St,Bristol Park Plan,1,SF 1,6318.43322753906,352.706704958963
388,,2015-155,LEG,462106355009,0.143*,D,City Redevelopment,Bristol Park Plan,LEG,204 Bellefontaine St,Bristol Park Plan,1,SF 1,6271.01745605469,350.088215629554
389,,96-0010,PWD,462106354017,0.137*,A,Drainage/Boneyard,Boneyard Channel,PWD,110 E Bradley Ave,Flood Hazard Area,1,SF 1,5968.69750976562,337.297716185404
390,,,PWD,462106354019,7.095*,A,Drainage/Boneyard,Boneyard Channel,PWD,112 E Bradley Ave,Flood Hazard Area,1,SF 1,3090.57446289062,223.078280063326
391,,2015-155,LEG,462106355002,0.145*,D,City Redevelopment,Bristol Park Plan,LEG,203 Roper St,Bristol Park Plan,1,SF 1,6357.19250488281,353.446325216515
392,,2015-155,LEG,462106357009,0.143*,D,City Redevelopment,Bristol Park Plan,LEG,1204 N Clock St,Bristol Park Plan,1,SF 1,6257.68408203125,350.48172644273
393,,2015-155,LEG,462106356008,0.130*,D,City Redevelopment,Bristol Park Plan,LEG,1306 N Clock St,Bristol Park Plan,1,SF 1,5687.94482421875,342.340870799752
394,,2015-155,LEG,462106357017,0.108*,D,City Redevelopment,Bristol Park Plan,LEG,1203 N Chestnut St,Bristol Park Plan,1,SF 1,4744.48364257812,280.594831684779
395,,2015-155,LEG,462106357018,5.869*,D,City Redevelopment,Bristol Park Plan,LEG,212 E Bradley Ave,Bristol Park Plan,1,SF 1,2556.60083007812,207.883797290498
396,Judicial process after demolition of structure,,LEG,412011228007,0.142*,E,Surplus Property,Vacant Lot,LEG,1013 W Eureka,other,9,SF 1,6218.91357421875,347.848435489299
397,Duplex,2015-155,LEG,462106355003,0.291*,D,City Redevelopment,Bristol Park Plan,LEG,205-207 Roper St,Bristol Park Plan,1,SF 1,12692.7049560547,453.565855220747
398,,2015-155,LEG,462106353020,0.137*,D,City Redevelopment,Bristol Park Plan,LEG,116 Garwood St,Bristol Park Plan,1,SF 1,5980.74536132812,339.39371611912
399,,2015-155,LEG,462106357010,6.849*,D,City Redevelopment,Bristol Park Plan,LEG,1202 N Clock St,Bristol Park Plan,1,SF 1,2983.43859863281,219.485293776167
400,,2015-155,LEG,462106356014,7.364*,D,City Redevelopment,Bristol Park Plan,LEG,1303 N Chestnut St,Bristol Park Plan,1,SF 1,3207.86340332031,242.123989971851
401,,255-0155,LEG,462106356006,9.876*,D,City Redevelopment,Bristol Park Plan,LEG,211 Bellefontaine St,Bristol Park Plan,1,SF 1,4302.35437011719,318.917113930694
402,,2015-155,NSD,462106353012,0.092,D,City Redevelopment,Bristol Park Plan,NSD,1313 N Clock St,Bristol Park Plan,1,SF 1,3999.56188964844,279.850879452968
403,,2015-155,LEG,462106355001,0.146,D,City Redeveloment,Bristol Park Plan,LEG,201 Roper St,Bristol Park Plan,1,SF 1,6364.40405273438,353.733244139757
404,,2015-155,LEG,462106353010,0.138,D,City Redeveloment,Bristol Park Plan,LEG,113 Bellefontaine St,Bristol Park Plan,1,SF 1,5999.31469726562,340.137217321649
405,,N/A,LEG,462106357016,0.135,D,City Redevelopment,Bristol Park Plan,LEG,1205 N Chestnut St,Bristol Park Plan,1,SF 1,5898.84106445312,338.723937519043
406,,2015-155,LEG,462106356015,0.11,D,City Redevelopment,Bristol Park Plan,LEG,208 Garwood St,Bristol Park Plan,1,SF 1,4813.17651367188,284.748724908749
407,,2015-155,LEG,462106351013,0.227,D,City Redevelopment,Bristol Park Plan,LEG,204 Roper St,Bristol Park Plan,1,SF 1,9870.91809082031,477.961922777037
408,,2015-155,LEG,462106355010,0.144,D,City Redevelopment,Bristol Park Plan,LEG,206 Bellefontaine St,Bristol Park Plan,1,SF 1,6278.23291015625,350.375480694471
409,,2015-198,LEG,462106357004,0.138,D,City Redevelopment,Bristol Park Plan,LEG,207 Garwood St,Bristol Park Plan,1,SF 1,6002.62170410156,340.066282494506
410,,2015-155,LEG,462106355011,0.144,D,City Redevelopment,Bristol Park Plan,LEG,208 Bellefontaine St,Bristol Park Plan,1,SF 1,6285.50646972656,350.664074642172
411,"Sheriff's Deed, demolished by City in 2015",,LEG,412011231007,0.16,D,City Redevelopment,Vacant Lot,LEG,909 W Beardsley Ave,Other,9,SF 1,6967.44775390625,371.58350120868
412,,2016-133,NSD,462106354003,0.193,D,City Redevelopment,Bristol Park Plan,LEG,1210 N Market St,Bristol Park Plan,1,SF 1,8389.48278808594,428.87433796054
413,,2015-155,LEG,462106352013,0.144,D,City Redevelopment,Bristol Park Plan,LEG,104 Bellefontaine St,Bristol Park Plan,1,SF 1,6285.55456542969,351.391998512721
414,,2015-155,LEG,462106351004,0.207,D,City Redevelopment,Bristol Park Plan,LEG,106 Roper St,Bristol Park Plan,1,SF 1,8997.65075683594,460.280406514771
415,,2015-155,LEG,462106353018,0.193,D,City Redevelopment,Bristol Park Plan,LEG,112 Garwood St,Bristol Park Plan,1,SF 1,8391.25134277344,386.424783130803
416,,2015-155,LEG,462106353016,0.192,D,City Redevelopment,Bristol Park Plan,LEG,108 Garwood St,Bristol Park Plan,1,SF 1,8348.05017089844,385.114021231507
417,,,PWD,412011301001,0.189,A,Drainage/W Washington St,West Washington St. Drainage Improvement Project,PWD,1716 W Glen Park,Drainage Improvement Project,9,SF 2,8222.60949707031,409.078922364023
418,,,PWD,412011301002,0.189,A,Drainage/W Washington St,West Washington St. Drainage Improvement Project,PWD,1714 W Glen Park,Drainage Improvement Project,9,SF 2,8224.85375976562,409.160606527005
419,,,PWD,412011301003,0.189,A,Drainage/W Washington St,West Washington St. Drainage Improvement Project,PWD,1712 W Glen Park,Drainage Improvement Project,9,SF 2,8227.09594726562,409.241959031396
420,,,PWD,412011301004,0.189,A,Drainage/W Washington St,West Washington St. Drainage Improvement Project,PWD,1710 W Glen Park,Drainage Improvement Project,9,SF 2,8229.34045410156,409.323635998262
421,,,PWD,412011301005,0.189,A,Drainage/W Washington St,West Washington St. Drainage Improvement Project,PWD,1708 W Glen Park,Drainage Improvement Project,9,SF 2,8231.59545898438,409.405644870448
422,,,PWD,412011301006,0.189,A,Drainage/W Washington St,West Washington St. Drainage Improvement Project,PWD,1706 W Glen Park,Drainage Improvement Project,9,SF 2,7380.41259765625,398.08306033866
423,,,PWD,412011301007,0.189,A,Drainage/W Washington St,West Washington St. Drainage Improvement Project,PWD,1704 W Glen Park,Drainage Improvement Project,9,SF 2,8235.87023925781,409.560468943037
424,,,PWD,412011301008,0.189,A,Drainage/W Washington St,West Washington St. Drainage Improvement Project,PWD,1702 W Glen Park,Drainage Improvement Project,9,SF 2,9885.951171875,431.649421701871
425,,,PWD,412011306001,0.206,A,Drainage/W Washington St,West Washington St. Drainage Improvement Project,PWD,1620 W Glen Park,Drainage Improvement Project,9,SF 2,9417.51428222656,425.537189696787
426,,,PWD,412011306002,0.206,A,Drainage/W Washington St,West Washington St. Drainage Improvement Project,PWD,1618 W Glen Park,Drainage Improvement Project,9,SF 2,15253.6712646484,503.440652341291
427,,,PWD,412011306003,0.206,A,Drainage/W Washington St,West Washington St. Drainage Improvement Project,PWD,1616 W Glen Park,Drainage Improvement Project,9,SF 2,8976.30505371094,419.800222172372
428,,,PWD,412011306004,0.206,A,Drainage/W Washington St,West Washington St. Drainage Improvement Project,PWD,1614 W Glen Park,Drainage Improvement Project,9,SF 2,8724.54040527344,416.498888808858
429,,,PWD,412011306005,0.206,A,Drainage/W Washington St,West Washington St. Drainage Improvement Project,PWD,1612 W Glen Park,Drainage Improvement Project,9,SF 2,7185.01623535156,396.036973751314
430,,,PWD,412011306006,0.206,A,Drainage/W Washington St,West Washington St. Drainage Improvement Project,PWD,1610 W Glen Park,Drainage Improvement Project,9,SF 2,8983.67907714844,420.050302780256
431,,,PWD,412011152002,6.935,A,Drainage/W Washington St,West Washington St. Drainage Improvement Project,PWD,1700 W Washington,Drainage Improvement Project,9,I 2,302098.001098633,2534.77368226306
432,,2016-133,LEG,462106351010,0.227,D,City Redevelopment,Bristol Park Plan,LEG,118 Roper St,Bristol Park Plan,1,SF 1,9894.52563476562,478.858012001318
433,,2016-133,LEG,462106352015,0.145,D,City Redevelopment,Bristol Park Plan,LEG,108 Bellefontaine St,Bristol Park Plan,1,SF 1,6298.68957519531,351.917621915444
434,,,LEG,462106352019,0.145,D,City Redevelopment,Bristol Park Plan,LEG,116 Bellefontaine St,Bristol Park Plan,1,SF 1,6324.96276855469,352.968852336003
435,,2016-196,LEG,"462106352020
",0.145,D,City Redevelopment,Bristol Park Plan,LEG,116 Bellefontaine St,Bristol Park Plan,1,SF 1,6331.55529785156,353.231995998548
436,Judicial process,,LEG,462107183002,0.201,D,City Redevelopment,,LEG,507 E Columbia Ave,Other,2,SF 1,8751.3642578125,397.36002131228
437,,2015-155,LEG,462106352011,0.143,D,City Redevelopment,Bristol Park Plan,LEG,117 Roper St,Bristol Park Plan,1,SF 1,6239.5126953125,349.55102116971
438,,2016-133,LEG,462106355008,0.144,D,City Redevelopment,Bristol Park Plan,LEG,202 Bellefontaine St,Bristol Park Plan,1,SF 1,6263.81799316406,349.801607664346
439,,2016-217,LEG,462106353008,0.291,D,City Redevelopment,Bristol Park Plan,LEG,109 Bellefontaine St,Bristol Park Plan,1,SF 1,12669.9451904297,516.233553618108
440,,2016-133,LEG,462106351012,0.227,D,City Redevelopment,Bristol Park Plan,LEG,202 Roper St,Bristol Park Plan,1,SF 1,9878.74951171875,478.260080232293
441,,2016-167,NSD,"462106356010
",0.139,D,City Redevelopment,Bristol Park Plan,LEG,204 Garwood St,Bristol Park Plan,1,SF 1,6072.08764648438,341.657785085991
442,Bristol Park Plan,2017-073,NSD,462106351001,0.194,D,City Redevelopment,Bristol Park Plan,LEG,1414 N Market St,Bristol Park Plan,1,MF 1,8471.5517578125,414.645445481451
443,,2016-133,PWD,462106354018,0.067,A,Drainage/Boneyard,Boneyard Channel,PWD,1201 Clock St,Flood Hazard Area,1,SF 1,2935.76489257812,217.22694938006
444,,,PWD,462107307002,0.084,A,Drainage/Boneyard,Boneyard Channel,PWD,206 N Second St,Flood Hazard Area,2,SF 2,3672.19714355469,243.338429460791
445,,2017-073,LEG,462106352005,0.144,D,City Redevelopment,Bristol Park Plan,LEG,105 Roper St,Bristol Park Plan,1,SF 1,6278.96643066406,351.128862618425
446,,2017-073,LEG,462106351009,0.227,D,City Redevelopment,Bristol Park Plan,LEG,116 Roper St,Bristol Park Plan,1,SF 1,9902.47424316406,479.158439793505
447,,2017-107,LEG,462106352010,0.143,D,City Redevelopment,Bristol Park Plan,LEG,115 Roper St,Bristol Park Plan,1,SF 1,6246.08422851562,349.813833299745
448,,2016-234,LEG,462106352016,0.145,D,City Redevelopment,Bristol Park Plan,LEG,110 Bellefontaine St,Bristol Park Plan,1,SF 1,6305.2607421875,352.18042541721
449,,2016-234,LEG,462106352017,0.145,D,City Redevelopment,Bristol Park Plan,LEG,112 Bellefontaine St,Bristol Park Plan,1,SF 1,6311.83251953125,352.443237558529
451,Acquired through judicial process - outstanding liens,,LEG,422012129015,0.172,,,,LEG,404 W Eureka,,1,SF 1,7475.52819824219,376.430355857364
452,,93-0265,PWD,462106354016,0.11,A,Drainage/Boneyard,Boneyard Channel,PWD,108 E Bradley Ave,Flood Hazard Area,1,SF 1,4793.84045410156,290.885589614997
454,,2017-143,LEG,462106352014,0.144,D,City Redevelopment,Bristol Park Plan,LEG,106 Bellefontaine St,Bristol Park Plan,1,SF 1,6292.08898925781,351.654154532572
455,,2016-213,LEG,46210635700008,0.144,D,City Redevelopment,Bristol Park Plan,LEG,1206 N Clock St,Bristol Park Plan,1,SF 1,6279.76000976562,351.366263446063
456,,2016-213,LEG,462106357002,0.138,D,City Redevelopment,Bristol Park Plan,LEG,203 Garwood St,Bristol Park Plan,1,SF 1,5998.15344238281,339.887143993203
457,,2016-213,LEG,462106357019,0.325,D,City Redevelopment,Bristol Park Plan,LEG,1209 N Chestnut St,Bristol Park Plan,1,SF 1,14173.7999267578,488.957870137838
458,,2017-073,LEG,462106352009,0.144,D,City Redevelopment,Bristol Park Plan,LEG,113 Roper St,Bristol Park Plan,1,SF 1,6252.66418457031,350.076969182221
459,,2017-073,LEG,462106351007,0.228,D,City Redevelopment,Bristol Park Plan,LEG,112 Roper St,Bristol Park Plan,1,SF 1,9918.20300292969,479.760234546512
460,,2017-073,LEG,462106352006,0.144,D,City Redevelopment,Bristol Park Plan,LEG,107 Roper St,Bristol Park Plan,1,SF 1,6272.36657714844,350.86540300353
461,,2017-073,LEG,462106352007,0.144,D,City Redevelopment,Bristol Park Plan,LEG,109 Roper St,Bristol Park Plan,1,SF 1,6265.80725097656,350.602591729069
462,,2017-107,LEG,462106352001,0.127,D,City Redevelopment,Bristol Park Plan,LEG,1410 N Market St,Bristol Park Plan,1,SF 1,5543.45043945312,321.139813513543
463,,2017-030,LEG,462106351011,0.227,D,City Redevelopment,Bristol Park Plan,LEG,200 Roper St,Bristol Park Plan,1,SF 1,9886.69616699219,478.558890773744
464,,2017-180,LEG,462106353017,0.192,D,City Redevelopment,Bristol Park Plan,LEG,110 Garwood St,Bristol Park Plan,1,SF 1,8369.65759277344,385.769564488035
465,,2016-133,LEG,462106351014,0.227,D,City Redevelopment,Bristol Park Plan,LEG,206 Roper St,Bristol Park Plan,1,SF 1,9870.41455078125,477.744144084912
466,Sheriff's Sale,N,LEG,412002381001,0.157,D,City Redevelopment,Sheriff's Sale,LEG,1432 Holly Hill Dr,,8,SF 1,6847.33544921875,328.919025529565
467,,,LEG,462106353014,0.154*,,City Redevelopment,Bristol Park Plan,LEG,1309 N Clock St,Bristol Park Plan,1,SF 1,6749.28393554688,389.744523190591
468,,,LEG,462106357007,0.144*,,City Redevelopment,Bristol Park Plan,LEG,1208 N Clock St,Bristol Park Plan,1,SF 1,6276.60925292969,351.849543692473
469,,,LEG,462106356007,0.130*,,City Redevelopment,Bristol Park Plan,LEG,1308 N Clock St,Bristol Park Plan,1,SF 1,5686.11267089844,342.276705262664
470,,,LEG,462106353013,9.181*,,City Redevelopment,Bristol Park Plan,LEG,1311 N Clock St,Bristol Park Plan,1,SF 1,3999.55322265625,279.850541023626
471,,,LEG,462106352012,0.143*,,City Redevelopment,Bristol Park Plan,LEG,119 Roper St,Bristol Park Plan,1,SF 1,6232.94140625,349.288217656701
472,,,LEG,462106355006,0.145*,,City Redevelopment,Bristol Park Plan,LEG,213 Roper St,Bristol Park Plan,1,SF 1,6322.53588867188,352.03253436603
473,,,LEG,462106355007,9.731*,,City Redevelopment,Bristol Park Plan,LEG,215 Roper St,Bristol Park Plan,1,SF 1,4239.09545898438,325.465041109408
474,,,LEG,462106352008,0.143*,,City Redevelopment,Bristol Park Plan,LEG,111 Roper St,Bristol Park Plan,1,SF 1,6259.25598144531,350.340104213429
475,,,LEG,462106355005,0.145*,,City Redevelopment,Bristol Park Plan,LEG,211 Roper St,Bristol Park Plan,1,SF 1,6329.80456542969,352.320618505049
476,,,LEG,462106351008,0.227*,,City Redevelopment,Bristol Park Plan,LEG,114 Roper St,Bristol Park Plan,1,SF 1,9910.33251953125,479.459183461976
477,,,LEG,462106351005,0.206*,,City Redevelopment,Bristol Park Plan,LEG,108 Roper St,Bristol Park Plan,1,SF 1,8990.70690917969,459.995717928817
478,,,LEG,462106351006,0.206*,,City Redevelopment,Bristol Park Plan,LEG,110 Roper St,Bristol Park Plan,1,SF 1,8983.73901367188,459.711576354908
480,,,LEG,462106355004,0.145*,,City Redevelopment,Bristol Park Plan,LEG,209 Roper St,Bristol Park Plan,1,SF 1,6335.5205078125,352.58397389225
481,,,LEG,462106355014,9.164*,,City Redevelopment,Bristol Park Plan,LEG,1403 N Chestnut St,Bristol Park Plan,1,SF 1,3992.02416992188,292.981857723499
482,,,LEG,462106355012,0.144*,,City Redevelopment,Bristol Park Plan,LEG,210 Bellefontaine St,Bristol Park Plan,1,SF 1,6292.69580078125,350.951024165375
483,,,LEG,462106355013,8.012*,,City Redevelopment,Bristol Park Plan,LEG,212 Bellefontaine St,Bristol Park Plan,1,SF 1,3490.33776855469,257.951413859733
484,,,LEG,462106353009,0.290*,,City Redevelopment,Bristol Park Plan,LEG,111 Bellefontaine St,Bristol Park Plan,1,SF 1,12669.9389648438,516.233546710421
485,,,LEG,462106353007,0.290*,,City Redevelopment,Bristol Park Plan,LEG,107 Bellefontaine St,Bristol Park Plan,1,SF 1,12669.9444580078,516.233546710359
486,,,LEG,462106356001,0.139*,,City Redevelopment,Bristol Park Plan,LEG,201 Bellefontaine St,Bristol Park Plan,1,SF 1,6059.88696289062,341.289117110406
491,,,LEG,462106357006,0.150*,,City Redevelopment,Bristol Park Plan,LEG,211 Garwood St,Bristol Park Plan,1,SF 1,6548.42834472656,355.56847028115
492,,,LEG,462106356009,0.139*,,City Redevelopment,Bristol Park Plan,LEG,202 Garwood St,Bristol Park Plan,1,SF 1,6066.18530273438,341.423993438419
493,,,LEG,462106353019,0.137*,,City Redevelopment,Bristol Park Plan,LEG,114 Garwood St,Bristol Park Plan,1,SF 1,5968.330078125,338.896977110741
494,,,LEG,462106353021,0.137*,,City Redevelopment,Bristol Park Plan,LEG,118 Garwood St,Bristol Park Plan,1,SF 1,5993.12170410156,339.889805886585
495,,,LEG,462106357005,0.137*,,City Redevelopment,Bristol Park Plan,LEG,209 Garwood St,Bristol Park Plan,1,SF 1,6004.88940429688,340.156504813315
496,,,LEG,462106357011,4.731*,,City Redevelopment,Bristol Park Plan,LEG,206 E Bradley Ave,Bristol Park Plan,1,SF 1,2061.24987792969,182.173897457809
497,,,LEG,462106357012,0.115*,,City Redevelopment,Bristol Park Plan,LEG,208 E Bradley Ave,Bristol Park Plan,1,SF 1,5009.99169921875,302.645200298314
498,,,LEG,462106357013,0.115*,,City Redevelopment,Bristol Park Plan,LEG,210 E Bradley Ave,Bristol Park Plan,1,SF 1,5026.55053710938,303.322036270649
499,Bristol Park Plan,,LEG,462106352003,0.127*,,City Redevelopment,Bristol Park Plan,LEG,1406 N Market St,Bristol Park Plan,1,MF 1,5543.46459960938,321.140145024886
500,,,LEG,462106351003,0.171*,,City Redevelopment,Bristol Park Plan,LEG,1412 N Market St,Bristol Park Plan,1,MF 1,7492.00769042969,400.620962774856
868,,,LEG,412001383032,0.213,D,City Redevelopment,Judicial Deed,LEG,606 W Bradley Ave,,1,SF 1,9258.58312988281,393.036806392373
869,"No PIN, court order 2018-ED-01",CB 2018-053,,,0.044,,,,,,,,,1934.70886230469,363.16422230917
870,,,,422012126012,0.142,,,,,505 W Bradley Ave,,,,6188.52551269531,327.719999486504
872,,,,412002376003,0.161,,,,,1515 Holly HIll Dr,,,,6999.98937988281,339.999810397098
873,,,,412011276017,0.145,,,,,1010 W Maple St,,,,6303.8017578125,351.179595255649
874,,,,412002381017,0.144,,,,,1319 Hedge Rd,,,,6272.24609375,323.104357965321
877,Sheriff's Deed,N/A,LEG,412011226021,0.162,,Sheriff's Sale,,LEG,1002 W Beardsley Ave,,,,7062.56616210938,374.51731739761
878,"Sheriff's sale, deed recorded 5/31/19",,LEG,462107163004,0.145,,Sheriff's Sale,,LEG,506 Ash St,,,,6310.44714355469,357.144483231564
879,Stormwater Land Acquisition and Recollection Plan (2019-030),2019-030,LEG,412002303017,0.138,,Stormwater Land Acquisition and Recollection Plan ,,LEG,1608 Hedge Rd,Stormwater management,,,6016.70654296875,320.556987076158
880,Stormwater Land Acquisition and Recollection Plan (2019-030),2019-030,LEG,412002336019,0.139,,Stormwater Land Acquisition and Recollection Plan ,,LEG,1504 Hedge Rd,Stormwater management,,,6041.57775878906,321.456584666825
1279,Stormwater Land Acquisition and Recollection Plan (2019-030),2019-030,LEG,412002336022,0.139,,Stormwater Land Acquisition and Recollection Plan ,,LEG,26 Hedge Ct,Stormwater management,,,6042.57153320312,321.490041309814
1280,Stormwater Land Acquisition and Recollection Plan (2019-030),2019-030,LEG,412002336011,0.138,,Stormwater Land Acquisition and Recollection Plan ,,LEG,1520 Hedge Rd,Stormwater Management,,,6028.626953125,321.030518028429
1281,Sheriff's Sale,,LEG,422012230018,0.066,,Sheriff's Sale,,,40 E Beardsley Ave,,,,2875.34143066406,218.06769811164
1282,Sheriff's Sale,,LEG,412011226014,0.162,,Sheriff's Sale,,,1018 W Beardsley Ave,,,,7067.84643554688,374.730292045034
1283,Stormwater Land Acquisition and Recollection Plan (2019-030),2019-030,LEG,412002303002,0.138,,Stormwater Land Acquisition and Recollection Plan ,,LEG,1718 Hedge Rd,Stormwater management,,,6019.04211425781,321.138974326057
1284,Stormwater Land Acquisition and Recollection Plan (2019-030),2019-030,LEG,412002303015,0.138,,Stormwater Land Acquisition and Recollection Plan ,,LEG,1612 Hedge Rd,Stormwater management,,,6016.61657714844,320.553736848419
1285,Stormwater Land Acquisition and Recollection Plan (2019-030),2019-030,LEG,412002336015,0.139,,Stormwater Land Acquisition and Recollection Plan ,,LEG,1512 Hedge Rd,Stormwater management,,,6035.67541503906,321.265942668685
1286,Stormwater Land Acquisition and Recollection Plan (2019-030),2019-030,LEG,412002336009,0.138,,Stormwater Land Acquisition and Recollection Plan ,,LEG,1524 Hedge Rd,Stormwater management,,,6025.16833496094,320.915877740441
1287,,2019-030,LEG,412002336006,0.138,,Stormwater Land Acquisition and Recollection Plan ,,LEG,1530 Hedge Rd,Stormwater management,,,6020.01965332031,320.743996534216
1288,Stormwater Land Acquisition and Recollection Plan (2019-030),2019-030,LEG,412002336013,0.138,,Stormwater Land Acquisition and Recollection Plan ,,LEG,1516 Hedge Rd,Stormwater management,,,6032.07543945312,321.146030304189
1685,Stormwater Land Acquisition and Recollection Plan (2019-030),2019-030,LEG,412002303011,0.138,,Stormwater Land Acquisition and Recollection Plan ,,LEG,1620 Hedge Rd,Stormwater management,,,6016.40344238281,320.546720142573
1706,Stormwater Land Acquisition and Recollection Plan (2019-030),2019-030,,412002303018,0.138,,Stormwater Land Acquisition and Recollection Plan ,,LEG,1606 Hedge Rd,Stormwater management,,,6016.78894042969,320.559762102679
1707,Stormwater Land Acquisition and Recollection Plan (2019-030),2019-030,LEG,412002303006,0.138,,Stormwater Land Acquisition and Recollection Plan ,,LEG,1710 Hedge Rd,Stormwater management,,,6016.13220214844,320.537603037251
1708,Stormwater Land Acquisition and Recollection Plan (2019-030),2019-030,,412002336001,0.185,,Stormwater Land Acquisition and Recollection Plan ,,LEG,1540 Hedge Rd,Stormwater management,,,8057.67224121094,369.891844184625
1721,Stormwater Land Acquisition and Recollection Plan (2019-030),2019-030,,412002336003,0.138,,Stormwater Land Acquisition and Recollection Plan ,,LEG,1536 Hedge Rd,Stormwater management,,,6012.4755859375,320.524315085375
1730,Stormwater Land Acquisition and Recollection Plan (2019-030),2019-030,LEG,412002336010,0.138,,Stormwater Land Acquisition and Recollection Plan ,,LEG,1522 Hedge Rd,Stormwater management,,,6026.93579101562,320.974149131845
1740,Stormwater Land Acquisition and Recollection Plan (2019-030),2019-030,LEG,412002303010,0.138,,Stormwater Land Acquisition and Recollection Plan ,,LEG,1702 Hedge Rd,Stormwater management,,,6016.38146972656,320.545373010477
1750,Stormwater Land Acquisition and Recollection Plan (2019-030),2019-030,LEG,412002336023,0.139,,Stormwater Land Acquisition and Recollection Plan ,,LEG,24 Hedge Ct,Stormwater management,,,6041.96765136719,321.482549416132
1754,Stormwater Land Acquisition and Recollection Plan (2019-030),2019-030,LEG,412002383001,0.269,,Stormwater Land Acquisition and Recollection Plan ,,LEG,18 Hedge Ct,Stormwater management,,,11736.9865722656,439.447040611768
1755,Stormwater Land Acquisition and Recollection Plan (2019-030),2019-030,LEG,412002336018,0.139,,Stormwater Land Acquisition and Recollection Plan ,,LEG,1506 Hedge Rd,Stormwater management,,,6038.00671386719,321.377179873616
1767,Stormwater Land Acquisition and Recollection Plan (2019-030),2019-030,,412002336002,0.138,,Stormwater Land Acquisition and Recollection Plan ,,LEG,1538 Hedge Rd,Stormwater management,,,6013.14440917969,320.514597120936
1771,Stormwater Land Acquisition and Recollection Plan (2019-030),2019-030,LEG,412002336014,0.15,,Stormwater Land Acquisition and Recollection Plan ,,LEG,1514 Hedge Rd,Stormwater management,,,6536.66174316406,331.195962177673
1773,Stormwater Land Acquisition and Recollection Plan (2019-030),2019-030,,412002303020,0.161,,Stormwater Land Acquisition and Recollection Plan ,,LEG,1602 Hedge Rd,Stormwater management,,,7002.55822753906,327.539041068382
1776,Stormwater Land Acquisition and Recollection Plan (2019-030),2019-030,LEG,412002336024,0.139,,Stormwater Land Acquisition and Recollection Plan ,,LEG,22 Hedge Ct,Stormwater management,,,6043.23303222656,321.512795013916
1779,Stormwater Land Acquisition and Recollection Plan (2019-030),2019-030,LEG,412002336022,0.139,,Stormwater Land Acquisition and Recollection Plan ,,LEG,26 Hedge Ct,Stormwater management,,,6042.57153320312,321.490041309814
1780,Stormwater Land Acquisition and Recollection Plan (2019-030),2019-030,LEG,412002336021,0.139,,Stormwater Land Acquisition and Recollection Plan ,,LEG,28 Hedge Ct,Stormwater management,,,6041.27648925781,321.460232021473
1784,Stormwater Land Acquisition and Recollection Plan (2019-030),2019-030,LEG,412002336008,0.138,,Stormwater Land Acquisition and Recollection Plan ,,LEG,1526 Hedge Rd,Stormwater management,,,6023.46875,320.85879531606
1785,Stormwater Land Acquisition and Recollection Plan (2019-030),2019-030,,412002336004,0.138,,Stormwater Land Acquisition and Recollection Plan ,,LEG,1534 Hedge Rd,Stormwater management,,,6018.990234375,320.67740652176
1787,Stormwater Land Acquisition and Recollection Plan (2019-030),2019-030,LEG,412002303003,0.138,,Stormwater Land Acquisition and Recollection Plan ,,LEG,1716 Hedge Rd,Stormwater management,,,6015.97424316406,320.53260873876
1790,Stormwater Land Acquisition and Recollection Plan (2019-030),2019-030,LEG,412002335014,0.217,,Stormwater Land Acquisition and Recollection Plan ,,LEG,1603 Joanne Ln,Stormwater management,,,9444.00109863281,410.505148244026
1792,Stormwater Land Acquisition and Recollection Plan (2019-030),2019-030,LEG,412002303012,0.138,,Stormwater Land Acquisition and Recollection Plan ,,LEG,1618 Hedge Rd,Stormwater management,,,6016.45629882812,320.548464497651
2192,Stormwater Land Acquisition and Recollection Plan (2019-030),2019-030,LEG,412002303014,0.138,,Stormwater Land Acquisition and Recollection Plan ,,LEG,1614 Hedge Rd,Stormwater management,,,6016.55139160156,320.551834006467
2592,Stormwater Land Acquisition and Recollection Plan (2019-030),2019-030,LEG,412002303007,0.138,,Stormwater Land Acquisition and Recollection Plan ,,LEG,1708 Hedge Rd,Stormwater management,,,6016.16564941406,320.539069717938
2992,Stormwater Land Acquisition and Recollection Plan (2019-030),2019-030,LEG,412002336017,0.139,,Stormwater Land Acquisition and Recollection Plan ,,LEG,1508 Hedge Rd,Stormwater management,,,6039.09765625,321.380424414664
3394,Stormwater Land Acquisition and Recollection Plan (2019-030),2019-030,LEG,462107307004,0.202,,Stormwater Land Acquisition and Recollection Plan ,,LEG,205 E Church St,Stormwater management,,,8810.39099121094,398.500835138228
3396,Stormwater Land Acquisition and Recollection Plan (2019-030),2019-030,LEG,412002303005,0.138,,Stormwater Land Acquisition and Recollection Plan ,,LEG,1712 Hedge Rd,Stormwater management,,,6016.07055664062,320.535700192623
3398,Stormwater Land Acquisition and Recollection Plan (2019-030),2019-030,LEG,412002303013,0.138,,Stormwater Land Acquisition and Recollection Plan ,,LEG,1616 Hedge Rd,Stormwater management,,,6016.50219726562,320.550089616341
3792,Stormwater Land Acquisition and Recollection Plan (2019-030),2019-030,LEG,412002303009,0.138,,Stormwater Land Acquisition and Recollection Plan ,,LEG,1704 Hedge Rd,Stormwater management,0,,6016.30651855469,320.543469845023
4192,Stormwater Land Acquisition and Recollection Plan (2019-030),2019-030,LEG,412002336012,0.138,,Stormwater Land Acquisition and Recollection Plan ,,LEG,1518 Hedge Rd,Stormwater management,,,6030.33288574219,321.08819482708
4592,Stormwater Land Acquisition and Recollection Plan (2019-030),2019-030,LEG,412002303008,0.138,,Stormwater Land Acquisition and Recollection Plan ,,LEG,1706 Hedge Rd,Stormwater management,0,,6016.24658203125,320.541567033726
4598,Stormwater Land Acquisition and Recollection Plan (2019-030),2019-030,LEG,412002303004,0.138,,Stormwater Land Acquisition and Recollection Plan ,,LEG,1714 Hedge Rd,Stormwater management,,,6016.02478027344,320.534075074033
5392,Stormwater Land Acquisition and Recollection Plan (2019-030),2019-030,LEG,412002303001,0.203,,Stormwater Land Acquisition and Recollection Plan ,,LEG,1720 Hedge Rd,Stormwater management,,,8863.85144042969,394.945431550246
6593,Stormwater Land Acquisition and Recollection Plan (2019-030),2019-030,LEG,412002336020,0.139,,Stormwater Land Acquisition and Recollection Plan ,,LEG,1502 Hedge Rd,Stormwater management,,,6041.43566894531,321.458444839586
6994,Stormwater Land Acquisition and Recollection Plan (2019-030),2019-030,,412002336005,0.138,,Stormwater Land Acquisition and Recollection Plan ,,LEG,1534 Hedge Rd,Stormwater management,,,6018.32312011719,320.687191716531
7392,Stormwater Land Acquisition and Recollection Plan (2019-030),2019-030,LEG,462107159012,0.046,,Stormwater Land Acquisition and Recollection Plan ,,LEG,104 E Washington St,Stormwater Management,,,1997.55505371094,182.155856306685
7393,Stormwater Land Acquisition and Recollection Plan (2019-030),2019-030,LEG,462107159011,0.058,,Stormwater Land Acquisition and Recollection Plan ,,LEG,102-1/2 E Washington St,Stormwater Management,,,2522.60522460938,208.486788612553
7394,Stormwater Land Acquisition and Recollection Plan (2019-030),2019-030,LEG,462107159010,0.08,,Stormwater Land Acquisition and Recollection Plan ,,LEG,102 E Washington St,Stormwater Management,,,3500.09680175781,247.578422341649
7792,,CB 2019-030,LEG,412001478006,,A,Drainage/Boneyard,Boneyard Channel,LEG,1403 N Market St,Flood Hazard Area,1,MF 1,444.948608398438,101.776133719522
7795,Stormwater Land Acquisition and Recollection Plan (2019-030),2019-030,LEG,412002336025,0.139,,Stormwater Land Acquisition and Recollection Plan ,,LEG,20 Hedge Ct,Stormwater management,,,8699.04956054688,387.724057160002
8198,,2019-030,LEG, 412001477017,0.001,A,Drainage/Boneyard,Boneyard Channel,LEG,1409 Champaign St,other,1,SF 1,29.279296875,26.5957384829742
